split,ratio,base_imp,scheme,mse,variance,bias2
0.5,1,2,original,0.10613713556371178,0.10246331299717666,inf
0.5,1,2,harmonic,0.07504218205486893,0.07248357583894323,inf
0.5,1,5,original,0.04005465681545959,0.03867855852904047,0.0013760982864191164
0.5,1,5,harmonic,0.0367222367599112,0.035309983078903664,0.001412253681007539
0.5,1,10,original,0.018744405088071507,0.01819819162383023,0.0005462134642412787
0.5,1,10,harmonic,0.014169886377176658,0.013523392771405648,0.0006464936057710092
0.5,1,20,original,0.006315295958855419,0.006263972887258949,5.132307159646969e-05
0.5,1,20,harmonic,0.0042756900875694104,0.004209972654061768,6.571743350764224e-05
0.5,1,50,original,0.002329753591895017,0.002320079906061952,9.673685833064535e-06
0.5,1,50,harmonic,0.0013868381194563966,0.001384107087428648,2.7310320277485755e-06
0.5,1,100,original,0.0011009437464521283,0.001095770916660427,5.172829791701246e-06
0.5,1,100,harmonic,0.0006538774016826607,0.000637877237964236,1.600016371842467e-05
0.5,5,2,original,11.447266757169533,11.251007629882938,0.19625912728659609
0.5,5,2,harmonic,1.3183825815839445,1.2897670736868296,0.028615507897114978
0.5,5,5,original,0.020016319290921604,0.019687013381485687,0.00032930590943591926
0.5,5,5,harmonic,0.019173729721723144,0.018765515481145602,0.00040821424057754113
0.5,5,10,original,0.012038429315122525,0.011623921802536817,0.0004145075125857065
0.5,5,10,harmonic,0.009312175199714232,0.008967281629960253,0.0003448935697539789
0.5,5,20,original,0.00610261689344514,0.0060167657446992895,8.585114874584984e-05
0.5,5,20,harmonic,0.0042028488442049814,0.004117821931972137,8.502691223284277e-05
0.5,5,50,original,0.002074313216550439,0.0020615910745100776,1.2722142040361335e-05
0.5,5,50,harmonic,0.0012088110485330866,0.0012014430158369294,7.368032696157247e-06
0.5,5,100,original,0.0011883713253390397,0.0011808039093590473,7.567415979992376e-06
0.5,5,100,harmonic,0.000558999077726605,0.0005538897323496205,5.1093453769844325e-06
0.5,10,2,original,0.2526810987943989,0.24392224463178006,0.008758854162618833
0.5,10,2,harmonic,0.06418693510785775,0.06322886016687304,0.0009580749409847282
0.5,10,5,original,0.0295518701396758,0.029086160273936068,0.0004657098657397366
0.5,10,5,harmonic,0.01925692877253604,0.01904954629058428,0.00020738248195176014
0.5,10,10,original,0.013597760296410763,0.013184735427906514,0.00041302486850424883
0.5,10,10,harmonic,0.007613108837358778,0.007319368885029753,0.00029373995232902364
0.5,10,20,original,0.00565969316800455,0.005636910664148927,2.2782503855621603e-05
0.5,10,20,harmonic,0.0036167648720823336,0.0035849145416432353,3.1850330439098395e-05
0.5,10,50,original,0.002163330663108593,0.0021444589468933377,1.887171621525461e-05
0.5,10,50,harmonic,0.0012787494689523754,0.0012672591971522194,1.1490271800155921e-05
0.5,10,100,original,0.0011789430600880513,0.00117735139434917,1.5916657388813214e-06
0.5,10,100,harmonic,0.000563561181817313,0.000563307636736167,2.535450811461728e-07
0.5,20,2,original,0.3792937455478399,0.3623996017486427,0.01689414379919717
0.5,20,2,harmonic,0.06919717126937397,0.06782600130918637,0.0013711699601875894
0.5,20,5,original,0.024108020460880043,0.02357256030169786,0.0005354601591821822
0.5,20,5,harmonic,0.01772543669008774,0.0174178832987721,0.00030755339131564245
0.5,20,10,original,0.013388087055334046,0.013218508665154774,0.0001695783901792716
0.5,20,10,harmonic,0.00815785984561766,0.008065430906213224,9.242893940443853e-05
0.5,20,20,original,0.004855028976702934,0.004813656130868756,4.13728458341775e-05
0.5,20,20,harmonic,0.0032288420735058637,0.003185204981862225,4.363709164363867e-05
0.5,20,50,original,0.0019806099441597056,0.0019695909128810067,1.1019031278699409e-05
0.5,20,50,harmonic,0.001059808331110023,0.0010543579558914616,5.450375218561618e-06
0.5,20,100,original,0.000940696255210946,0.0009384761616607312,2.220093550214857e-06
0.5,20,100,harmonic,0.0005537902528349261,0.0005514263333612263,2.3639194736997794e-06
0.5,50,2,original,0.14858667271955645,0.14297194311519906,0.005614729604357374
0.5,50,2,harmonic,0.040298860934091144,0.04006680019391161,0.00023206074017952588
0.5,50,5,original,0.018196476366105323,0.017786004025019307,0.0004104723410860168
0.5,50,5,harmonic,0.02035425649108127,0.019735262170895544,0.0006189943201857293
0.5,50,10,original,0.015771247263780465,0.015486206302466873,0.0002850409613135905
0.5,50,10,harmonic,0.009307488727556292,0.009184779988716281,0.00012270873884001336
0.5,50,20,original,0.004358093560083794,0.0043511398986197675,6.953661464026843e-06
0.5,50,20,harmonic,0.00286550607248614,0.002863439498045911,2.0665744402293683e-06
0.5,50,50,original,0.0020140183506410264,0.0019840093253419527,3.0009025299073143e-05
0.5,50,50,harmonic,0.001284100495069646,0.0012604374374279802,2.3663057641665418e-05
0.5,50,100,original,0.0010634606265633004,0.0010540062230145857,9.454403548714854e-06
0.5,50,100,harmonic,0.0006641942207749109,0.0006523562543790833,1.1837966395827513e-05
0.5,100,2,original,0.15639581512727146,0.14683266821622748,0.009563146911043966
0.5,100,2,harmonic,0.07267784126312934,0.07081159104459883,0.0018662502185305258
0.5,100,5,original,0.043074275683841194,0.04215349176040214,0.0009207839234390547
0.5,100,5,harmonic,0.024313854116112595,0.024062377816698923,0.0002514762994136663
0.5,100,10,original,0.009947691689389514,0.009874978817405166,7.271287198434873e-05
0.5,100,10,harmonic,0.007573683464910029,0.007547586590255337,2.6096874654692968e-05
0.5,100,20,original,0.004500325131288527,0.004463932568850489,3.6392562438038085e-05
0.5,100,20,harmonic,0.0028280496170683396,0.00278599837570766,4.205124136067986e-05
0.5,100,50,original,0.002077229945378539,0.0020681435195242766,9.086425854262296e-06
0.5,100,50,harmonic,0.0014040517343103822,0.0013610667635220845,4.298497078829782e-05
0.5,100,100,original,0.001186195613256817,0.0011692552903068817,1.6940322949935312e-05
0.5,100,100,harmonic,0.0005513423311065198,0.000548806350717064,2.5359803894556536e-06
0.7,1,2,original,0.0517689491128892,0.05151775909653493,inf
0.7,1,2,harmonic,0.04498912887341926,0.04475404298286396,inf
0.7,1,5,original,0.8760912100976433,0.8630408620416194,0.013050348056023958
0.7,1,5,harmonic,0.7341847475658141,0.7230119587604158,0.01117278880539832
0.7,1,10,original,0.016936966251351604,0.016672379485084755,0.0002645867662668514
0.7,1,10,harmonic,0.01235332453033149,0.012079163563081929,0.000274160967249561
0.7,1,20,original,0.012961565453442316,0.012654399358721124,0.0003071660947211911
0.7,1,20,harmonic,0.005281043850418528,0.005099625029131959,0.00018141882128656957
0.7,1,50,original,0.002521747976693277,0.002513633670918802,8.114305774475026e-06
0.7,1,50,harmonic,0.0015784000403742456,0.0015584428530795904,1.9957187294655112e-05
0.7,1,100,original,0.0013374795907440114,0.001333423784536207,4.055806207804472e-06
0.7,1,100,harmonic,0.0006833301208591858,0.0006777024816621952,5.62763919699054e-06
0.7,5,2,original,0.17972345483683927,0.16989606103927485,0.009827393797564418
0.7,5,2,harmonic,0.11430913043502518,0.11003327458164276,0.0042758558533824206
0.7,5,5,original,0.030727388197270545,0.029909993669985403,0.00081739452728515
0.7,5,5,harmonic,0.01671438325828135,0.016530469171608813,0.0001839140866725395
0.7,5,10,original,0.013342704775420586,0.013214039192641205,0.0001286655827793805
0.7,5,10,harmonic,0.009916032562249424,0.009814569644248573,0.00010146291800085213
0.7,5,20,original,0.006245083709831079,0.006132151496662211,0.00011293221316886763
0.7,5,20,harmonic,0.004014824696959928,0.003927751763585971,8.707293337395806e-05
0.7,5,50,original,0.002431915328737408,0.0024240930534439624,7.822275293445579e-06
0.7,5,50,harmonic,0.0011852072418555367,0.0011807653915185496,4.441850336986971e-06
0.7,5,100,original,0.0012135228042171975,0.0011792849265041465,3.4237877713050966e-05
0.7,5,100,harmonic,0.000633515724970146,0.0006130822047856365,2.043352018450945e-05
0.7,10,2,original,0.11790883132370303,0.11650936971844986,0.0013994616052531686
0.7,10,2,harmonic,0.05633359483668974,0.05561716428368753,0.0007164305530022134
0.7,10,5,original,0.029668578052744643,0.02913077436717848,0.0005378036855661673
0.7,10,5,harmonic,0.011923910548732328,0.01186770245516047,5.6208093571856794e-05
0.7,10,10,original,0.009035627116401178,0.00900661837815248,2.900873824869757e-05
0.7,10,10,harmonic,0.005756248595841779,0.005744798097874606,1.1450497967172702e-05
0.7,10,20,original,0.006273030935212924,0.006217990141422087,5.504079379083583e-05
0.7,10,20,harmonic,0.0036685525713461807,0.0036441934331181763,2.4359138228004355e-05
0.7,10,50,original,0.0018944448065368255,0.0018859246628666689,8.52014367015677e-06
0.7,10,50,harmonic,0.0011020732506944067,0.0010892674812536338,1.2805769440772934e-05
0.7,10,100,original,0.0013050150973034148,0.001301858285885517,3.156811417897695e-06
0.7,10,100,harmonic,0.0006243496204051148,0.0006206894370748837,3.660183330231253e-06
0.7,20,2,original,0.10201766283988903,0.09775029716622168,0.004267365673667327
0.7,20,2,harmonic,0.06349360850805838,0.06159897304520458,0.0018946354628538073
0.7,20,5,original,0.03363941974299941,0.032591942012750806,0.0010474777302486005
0.7,20,5,harmonic,0.01791219106703485,0.017523459172207975,0.0003887318948268741
0.7,20,10,original,0.014625786694164214,0.014561294418210625,6.449227595358909e-05
0.7,20,10,harmonic,0.007708737210913551,0.007692090606834115,1.6646604079434352e-05
0.7,20,20,original,0.004137899240862098,0.004124770014974351,1.3129225887748323e-05
0.7,20,20,harmonic,0.003181482095339717,0.003166812444123579,1.466965121613807e-05
0.7,20,50,original,0.002807983466429272,0.0027616875107541105,4.629595567516126e-05
0.7,20,50,harmonic,0.0012393996096737626,0.0012241817647596367,1.5217844914126087e-05
0.7,20,100,original,0.0012716470976038654,0.0012671012504446252,4.5458471592402095e-06
0.7,20,100,harmonic,0.000618594849264989,0.0006166854908812577,1.909358383731285e-06
0.7,50,2,original,0.07819055360481462,0.07658115289835228,0.0016094007064623474
0.7,50,2,harmonic,0.040775008753219225,0.04069091648070159,8.409227251763002e-05
0.7,50,5,original,0.023281847590704913,0.02262873916820361,0.0006531084225013042
0.7,50,5,harmonic,0.017432415860352497,0.017161628664152998,0.00027078719619949955
0.7,50,10,original,0.011154822642278576,0.010871915965234494,0.0002829066770440831
0.7,50,10,harmonic,0.005975004646989472,0.005899386121307187,7.561852568228525e-05
0.7,50,20,original,0.004916622237544552,0.004914378058301804,2.244179242747318e-06
0.7,50,20,harmonic,0.0029208748562351604,0.0029115863620161183,9.288494219041813e-06
0.7,50,50,original,0.0024216342776544127,0.002381913945701971,3.972033195244188e-05
0.7,50,50,harmonic,0.001369622058265104,0.001341115391504625,2.850666676047871e-05
0.7,50,100,original,0.0013362603946334595,0.001314006119326367,2.2254275307092564e-05
0.7,50,100,harmonic,0.0006142978782321038,0.0006084719033448678,5.825974887236062e-06
0.7,100,2,original,0.034106783473274435,0.03402298946497952,8.379400829492123e-05
0.7,100,2,harmonic,0.03258673172936772,0.032520043216281824,6.668851308589623e-05
0.7,100,5,original,0.019580702044310432,0.019521346797141577,5.9355247168856986e-05
0.7,100,5,harmonic,0.013002072658046787,0.012987209921021209,1.4862737025579e-05
0.7,100,10,original,0.008920564484471151,0.008895875122581592,2.468936188955911e-05
0.7,100,10,harmonic,0.0058625307215511594,0.0058377124146875466,2.481830686361289e-05
0.7,100,20,original,0.004970552705553228,0.004929404401118087,4.114830443514048e-05
0.7,100,20,harmonic,0.003329814901319429,0.0032786559190100145,5.1158982309415125e-05
0.7,100,50,original,0.0024551439929281623,0.0024522013561309925,2.9426367971702663e-06
0.7,100,50,harmonic,0.0011926713060090499,0.0011765714486553307,1.609985735371899e-05
0.7,100,100,original,0.0011487466482136975,0.0011457580283184832,2.988619895214197e-06
0.7,100,100,harmonic,0.0006038427748389693,0.0006020004513994112,1.8423234395581032e-06
0.8,1,2,original,0.13946788344773928,0.1349368169184978,inf
0.8,1,2,harmonic,0.13351500096230298,0.1298249525209776,inf
0.8,1,5,original,0.0522665846023479,0.049185456470177594,0.0030811281321703014
0.8,1,5,harmonic,0.056900127633353816,0.053761251189151274,0.003138876444202559
0.8,1,10,original,0.019010101520435488,0.01885353460284895,0.00015656691758653742
0.8,1,10,harmonic,0.013807030903818495,0.01363854972142994,0.00016848118238855283
0.8,1,20,original,0.007230869788585094,0.007041692715868053,0.0001891770727170402
0.8,1,20,harmonic,0.0055314131548155855,0.0053068573463738306,0.000224555808441754
0.8,1,50,original,0.0026711650755736893,0.0026570285321819266,1.4136543391762315e-05
0.8,1,50,harmonic,0.0016172433148618336,0.0016076635394379917,9.579775423841896e-06
0.8,1,100,original,0.0014985756410425422,0.0014950706048731277,3.505036169414465e-06
0.8,1,100,harmonic,0.0007459769680403318,0.000741826873129643,4.1500949106888155e-06
0.8,5,2,original,0.052845291530105976,0.052191364749074556,0.0006539267810314221
0.8,5,2,harmonic,0.04037692793297958,0.039944971962511795,0.0004319559704677979
0.8,5,5,original,0.031917965866287416,0.03144835927724132,0.0004696065890460994
0.8,5,5,harmonic,0.026596308805342327,0.026084770656594324,0.0005115381487479995
0.8,5,10,original,0.012425941610088365,0.012332328996561118,9.36126135272467e-05
0.8,5,10,harmonic,0.008636494572945958,0.008526658402273518,0.00010983617067243849
0.8,5,20,original,0.005608265893059896,0.005555408261937797,5.285763112210047e-05
0.8,5,20,harmonic,0.0035304954617616257,0.0035029387195331654,2.7556742228460102e-05
0.8,5,50,original,0.0023072858138689046,0.0022938946987698713,1.3391115099033173e-05
0.8,5,50,harmonic,0.0011382523073420916,0.0011353419696477946,2.9103376942969965e-06
0.8,5,100,original,0.0014153925785077934,0.0014112171483334403,4.175430174353068e-06
0.8,5,100,harmonic,0.0005723600596194199,0.0005710075972525162,1.3524623669037533e-06
0.8,10,2,original,0.0706543555440978,0.06972045939434846,0.0009338961497493302
0.8,10,2,harmonic,0.06248886504228882,0.06202921294555473,0.0004596520967340936
0.8,10,5,original,0.026843073637126524,0.026239820472565612,0.0006032531645609057
0.8,10,5,harmonic,0.02293440829411113,0.02247143105699339,0.0004629772371177414
0.8,10,10,original,0.011359354535866405,0.01123671468484518,0.0001226398510212247
0.8,10,10,harmonic,0.006617371186119413,0.0065437640988806,7.360708723880991e-05
0.8,10,20,original,0.0061590849400032744,0.006139464690745396,1.9620249257878198e-05
0.8,10,20,harmonic,0.003515879106076268,0.0035107056003005734,5.173505775694791e-06
0.8,10,50,original,0.0022492248584928018,0.00224405048610592,5.1743723868818125e-06
0.8,10,50,harmonic,0.0010972378455901721,0.0010938028441477413,3.4350014424310204e-06
0.8,10,100,original,0.0012314107030773384,0.0012231647062518974,8.245996825440886e-06
0.8,10,100,harmonic,0.0006430609049747192,0.000642006837596737,1.0540673779821533e-06
0.8,20,2,original,0.09117019976871153,0.09026391856652606,0.0009062812021854744
0.8,20,2,harmonic,0.05768449579349557,0.057448882736721565,0.0002356130567740064
0.8,20,5,original,0.026907873345467258,0.026610766376472215,0.00029710696899504284
0.8,20,5,harmonic,0.01928627568998128,0.019034412628742357,0.00025186306123892676
0.8,20,10,original,0.012562069051451491,0.012542981638784886,1.9087412666605743e-05
0.8,20,10,harmonic,0.006184539282772526,0.0061796481796959225,4.891103076603499e-06
0.8,20,20,original,0.005314515943977795,0.0052809679171637956,3.354802681399846e-05
0.8,20,20,harmonic,0.002941155780543282,0.002924487054788991,1.666872575429072e-05
0.8,20,50,original,0.003103989028597828,0.0030966272178361365,7.361810761691203e-06
0.8,20,50,harmonic,0.001341955845289151,0.0013402508673155621,1.7049779735889306e-06
0.8,20,100,original,0.0013235720523346293,0.0013200078429936545,3.5642093409748364e-06
0.8,20,100,harmonic,0.0005992822680119773,0.0005975108787626591,1.7713892493182637e-06
0.8,50,2,original,0.06706686444618343,0.0663193581965303,0.0007475062496531289
0.8,50,2,harmonic,0.03098312960763385,0.030918130751645644,6.499885598820457e-05
0.8,50,5,original,0.024676856781972876,0.024275847450221693,0.000401009331751184
0.8,50,5,harmonic,0.01793958941188962,0.017665070283111272,0.00027451912877834853
0.8,50,10,original,0.011571406927265677,0.011555408436691787,1.599849057388845e-05
0.8,50,10,harmonic,0.006375939612165375,0.00633837141856443,3.7568193600945676e-05
0.8,50,20,original,0.005030558290448231,0.00500826922489153,2.2289065556700814e-05
0.8,50,20,harmonic,0.0032014896439036067,0.00317645360633301,2.503603757059668e-05
0.8,50,50,original,0.002212876158625584,0.002194975114356657,1.790104426892708e-05
0.8,50,50,harmonic,0.0012206592593063074,0.0012150154486793314,5.643810626976037e-06
0.8,50,100,original,0.0014207810967638624,0.0014173644452266606,3.4166515372017384e-06
0.8,50,100,harmonic,0.0007458879747842875,0.0007421781636222393,3.7098111620480675e-06
0.8,100,2,original,0.14729964194696513,0.14389606601403132,0.003403575932933789
0.8,100,2,harmonic,0.07019871088698425,0.06932917493922512,0.000869535947759116
0.8,100,5,original,0.027809667124253666,0.027707764591493482,0.00010190253276018246
0.8,100,5,harmonic,0.012845511417782405,0.012803625555178852,4.188586260355218e-05
0.8,100,10,original,0.010290039922288271,0.010255205896607628,3.483402568064172e-05
0.8,100,10,harmonic,0.006483870122024188,0.00647478028335542,9.089838668768097e-06
0.8,100,20,original,0.004687695396268211,0.0046663679841908185,2.1327412077393632e-05
0.8,100,20,harmonic,0.002873149687834221,0.0028629963913508324,1.0153296483389095e-05
0.8,100,50,original,0.0026006622250698244,0.002550243425924026,5.041879914579837e-05
0.8,100,50,harmonic,0.0013666517857891366,0.001342648418244456,2.4003367544680543e-05
0.8,100,100,original,0.0012398846307058865,0.0012367402528640325,3.14437784185431e-06
0.8,100,100,harmonic,0.000586205079933391,0.0005802726280920939,5.932451841297086e-06
0.9,1,2,original,0.12928319898689303,0.1196868450845438,inf
0.9,1,2,harmonic,0.10095016871073637,0.09438761842731762,inf
0.9,1,5,original,0.07280504100141318,0.06975693486598837,0.003048106135424797
0.9,1,5,harmonic,0.07581964585674264,0.07249585556761058,0.0033237902891320587
0.9,1,10,original,0.017908655655970124,0.017221678762923992,0.0006869768930461338
0.9,1,10,harmonic,0.01346989510746872,0.012635235812870266,0.0008346592945984548
0.9,1,20,original,0.0062378056372588905,0.006225062685849918,1.2742951408973471e-05
0.9,1,20,harmonic,0.004131529951782152,0.004125512545533163,6.017406248987194e-06
0.9,1,50,original,0.0033082626072918273,0.003281872807990633,2.6389799301194582e-05
0.9,1,50,harmonic,0.0018678083428926543,0.0018591626609026006,8.645681990053467e-06
0.9,1,100,original,0.002103681863526318,0.0020925247079749635,1.1157155551354985e-05
0.9,1,100,harmonic,0.0008642769439668161,0.0008567749038251466,7.502040141669587e-06
0.9,5,2,original,0.08657057807508636,0.08285307795509457,0.003717500119991793
0.9,5,2,harmonic,0.06241925167897531,0.060268194801102924,0.0021510568778723787
0.9,5,5,original,0.02119071953368757,0.020991286966581903,0.00019943256710566954
0.9,5,5,harmonic,0.01390225132764487,0.013732604006566737,0.0001696473210781345
0.9,5,10,original,0.010659981486938001,0.010571425466221744,8.855602071625705e-05
0.9,5,10,harmonic,0.007337362956304531,0.007272928347333255,6.443460897127694e-05
0.9,5,20,original,0.005290830837518706,0.005275877285640066,1.4953551878640501e-05
0.9,5,20,harmonic,0.0026167229539443147,0.0026125783044111933,4.144649533121529e-06
0.9,5,50,original,0.002618824528169577,0.0026151726055406114,3.651922628965654e-06
0.9,5,50,harmonic,0.0013474283963747803,0.0013452844422520848,2.1439541226958176e-06
0.9,5,100,original,0.0013287361679544013,0.001315777675676382,1.2958492278019435e-05
0.9,5,100,harmonic,0.0006542748724958495,0.0006532501990348094,1.0246734610399868e-06
0.9,10,2,original,0.04286891415727517,0.042304230436676304,0.0005646837205988668
0.9,10,2,harmonic,0.04565197554561638,0.044600759216823035,0.0010512163287933445
0.9,10,5,original,0.01665908326592797,0.016630007158818787,2.9076107109182225e-05
0.9,10,5,harmonic,0.012921458610477369,0.012886198581530266,3.526002894710133e-05
0.9,10,10,original,0.008805619794177334,0.008781837714480586,2.378207969674787e-05
0.9,10,10,harmonic,0.005592971702771071,0.005575751969047743,1.7219733723326364e-05
0.9,10,20,original,0.005822513482772438,0.005800614700269848,2.189878250258994e-05
0.9,10,20,harmonic,0.0032283160218603674,0.0032261220633805696,2.1939584797983395e-06
0.9,10,50,original,0.0029598482547281042,0.002926457843398787,3.339041132931726e-05
0.9,10,50,harmonic,0.001349926041016577,0.0013227195492718658,2.7206491744711306e-05
0.9,10,100,original,0.00146384146971274,0.001462461843510139,1.3796262026010297e-06
0.9,10,100,harmonic,0.0006319157655173384,0.0006284148053812366,3.500960136101675e-06
0.9,20,2,original,0.06729930878319186,0.06649695648823468,0.0008023522949571685
0.9,20,2,harmonic,0.05170116654981731,0.051096154400691304,0.0006050121491260093
0.9,20,5,original,0.02198086402150799,0.021815108187454402,0.00016575583405358652
0.9,20,5,harmonic,0.019741571840183842,0.019622442550316633,0.00011912928986720891
0.9,20,10,original,0.008920261253878873,0.008891211108038335,2.9050145840540038e-05
0.9,20,10,harmonic,0.005878739114203982,0.005860114027395071,1.86250868089108e-05
0.9,20,20,original,0.005085613527165513,0.005074409220132285,1.1204307033227305e-05
0.9,20,20,harmonic,0.003026373330573915,0.0030148070783657965,1.1566252208118941e-05
0.9,20,50,original,0.0025481188667010927,0.0025392899354085632,8.828931292529633e-06
0.9,20,50,harmonic,0.0011903771546798296,0.0011878358837361766,2.5412709436529e-06
0.9,20,100,original,0.001587362419674529,0.0015841947984096233,3.1676212649057107e-06
0.9,20,100,harmonic,0.000678720852055127,0.0006733655330108425,5.355319044284652e-06
0.9,50,2,original,0.06769881532354007,0.06703041531857387,0.0006684000049661839
0.9,50,2,harmonic,0.040374931694946437,0.040166644785448444,0.0002082869094979896
0.9,50,5,original,0.026101361812844392,0.025831555224877956,0.0002698065879664411
0.9,50,5,harmonic,0.018868939865897355,0.018758668312168703,0.0001102715537286523
0.9,50,10,original,0.01173265601627919,0.011669868378921236,6.278763735795615e-05
0.9,50,10,harmonic,0.0061886718928349,0.006182426888713606,6.245004121295862e-06
0.9,50,20,original,0.008207476079749629,0.00815628612179071,5.118995795892102e-05
0.9,50,20,harmonic,0.0029143843156639723,0.002900907642403731,1.347667326024134e-05
0.9,50,50,original,0.002801266654499014,0.002794047641877001,7.219012622013426e-06
0.9,50,50,harmonic,0.0012378167158802794,0.0012336215698523084,4.195146027970931e-06
0.9,50,100,original,0.0014463685931565824,0.0014409791032237622,5.389489932820092e-06
0.9,50,100,harmonic,0.0005582058563071294,0.0005509454086830806,7.260447624048719e-06
0.9,100,2,original,0.04252039571582852,0.04231509745075966,0.00020529826506885196
0.9,100,2,harmonic,0.03338210978987531,0.033287251593274746,9.485819660056216e-05
0.9,100,5,original,0.014348409675619678,0.01431635365467666,3.20560209430158e-05
0.9,100,5,harmonic,0.011782710367792305,0.011773256511220496,9.453856571811511e-06
0.9,100,10,original,0.014333757389422132,0.01425620765382044,7.75497356016939e-05
0.9,100,10,harmonic,0.007029499136197009,0.006987224310823774,4.227482537323699e-05
0.9,100,20,original,0.004917662301994167,0.004888124153284992,2.9538148709175153e-05
0.9,100,20,harmonic,0.002414813925655513,0.0024015589119505834,1.3255013704930134e-05
0.9,100,50,original,0.0024093636681114606,0.0024072157806845204,2.1478874269404032e-06
0.9,100,50,harmonic,0.0012376760919555574,0.0012327231803208843,4.952911634672995e-06
0.9,100,100,original,0.0013304490929097997,0.0013224934800214858,7.955612888314018e-06
0.9,100,100,harmonic,0.0006074706718291388,0.0006067204820013347,7.501898278041023e-07
0.95,1,2,original,0.3933889575449329,0.37269732655480686,inf
0.95,1,2,harmonic,0.323017958858034,0.30627973724760055,inf
0.95,1,5,original,0.05369050576201016,0.051565231936497403,0.0021252738255127623
0.95,1,5,harmonic,0.07715114352304502,0.0743130306928079,0.0028381128302371263
0.95,1,10,original,0.01602991392513626,0.015707850428562785,0.00032206349657347866
0.95,1,10,harmonic,0.014297260337469416,0.013749805112746667,0.0005474552247227499
0.95,1,20,original,0.006870246274949238,0.006846543421714086,2.3702853235152393e-05
0.95,1,20,harmonic,0.004155692408824506,0.004138384631928564,1.7307776895941993e-05
0.95,1,50,original,0.003195745865327495,0.0031815636516661994,1.4182213661296173e-05
0.95,1,50,harmonic,0.0017972795612537494,0.0017795751001301943,1.7704461123555286e-05
0.95,1,100,original,0.0015572504206912026,0.0015527688457543643,4.481574936838315e-06
0.95,1,100,harmonic,0.000893033601428253,0.0008899613277393333,3.072273688919895e-06
0.95,5,2,original,0.042003467873700996,0.041989437621970625,1.4030251730361866e-05
0.95,5,2,harmonic,0.03409605209065038,0.03408023464750225,1.5817443148135017e-05
0.95,5,5,original,0.026851584774360605,0.026673763094551967,0.00017782167980863532
0.95,5,5,harmonic,0.016406335599977145,0.016257586445192887,0.00014874915478425664
0.95,5,10,original,0.014627525421688405,0.014388123367438782,0.00023940205424962413
0.95,5,10,harmonic,0.009058685522215958,0.008800214622996747,0.00025847089921921136
0.95,5,20,original,0.006095731174800389,0.006064682601839346,3.104857296104271e-05
0.95,5,20,harmonic,0.003273692543742856,0.0032620737979317813,1.161874581107479e-05
0.95,5,50,original,0.0024456734030728986,0.0024438612612619906,1.8121418109083084e-06
0.95,5,50,harmonic,0.0011887673829144517,0.0011870896370088338,1.6777459056178729e-06
0.95,5,100,original,0.0016808299590580348,0.0016572199701024727,2.3609988955562205e-05
0.95,5,100,harmonic,0.0007030432127643224,0.0006980099842460472,5.033228518275194e-06
0.95,10,2,original,0.06433523035495255,0.0634114442001415,0.0009237861548110472
0.95,10,2,harmonic,0.051050750479029336,0.05014961790328173,0.0009011325757476077
0.95,10,5,original,0.026218578085824472,0.025828688262619047,0.0003898898232054265
0.95,10,5,harmonic,0.018725732176205778,0.01832983575491861,0.0003958964212871672
0.95,10,10,original,0.008078981506693641,0.007956223438245407,0.0001227580684482319
0.95,10,10,harmonic,0.005912598359996688,0.005897973067546228,1.4625292450458828e-05
0.95,10,20,original,0.005704692210177925,0.005672171304242218,3.2520905935706776e-05
0.95,10,20,harmonic,0.0030151872609090395,0.0030080485590371223,7.138701871917563e-06
0.95,10,50,original,0.0025145495999079636,0.002505659115184005,8.890484723958926e-06
0.95,10,50,harmonic,0.0013472439113502055,0.0013280731298040776,1.9170781546127702e-05
0.95,10,100,original,0.0015059395611316505,0.0014871817163005447,1.875784483110574e-05
0.95,10,100,harmonic,0.0006738741819803152,0.0006687289400792685,5.145241901046577e-06
0.95,20,2,original,0.04516545744988413,0.04463585927604683,0.0005295981738372905
0.95,20,2,harmonic,0.03532138415672924,0.035017288115799086,0.0003040960409301631
0.95,20,5,original,0.020032428098663783,0.01986714807523792,0.00016528002342586174
0.95,20,5,harmonic,0.013099377340614626,0.013010200773456281,8.917656715834657e-05
0.95,20,10,original,0.013751110555658544,0.013704665954677692,4.644460098085097e-05
0.95,20,10,harmonic,0.010656010624100164,0.01060060136001719,5.540926408297419e-05
0.95,20,20,original,0.005676040664007767,0.005657378283672386,1.8662380335382158e-05
0.95,20,20,harmonic,0.0029035207575620727,0.0028995377881220153,3.982969440057691e-06
0.95,20,50,original,0.002578300842753273,0.002574119481272618,4.181361480654456e-06
0.95,20,50,harmonic,0.001176669152826148,0.0011664379851744882,1.0231167651660012e-05
0.95,20,100,original,0.0014786277242120373,0.001460519119150652,1.8108605061385032e-05
0.95,20,100,harmonic,0.0005368201742244085,0.0005201572451933117,1.6662929031096943e-05
0.95,50,2,original,0.03830887764227214,0.03824221074981921,6.666689245292414e-05
0.95,50,2,harmonic,0.032822841755962756,0.03277907882734686,4.376292861589341e-05
0.95,50,5,original,0.012637440237804293,0.012477207369382655,0.00016023286842163723
0.95,50,5,harmonic,0.011085899323276195,0.011008130354161372,7.776896911482161e-05
0.95,50,10,original,0.011633866703416764,0.011577556240950328,5.63104624664346e-05
0.95,50,10,harmonic,0.005337779563873693,0.005312222118120217,2.5557445753476142e-05
0.95,50,20,original,0.00722261017157109,0.007217431761435124,5.1784101359646234e-06
0.95,50,20,harmonic,0.003670845207519712,0.003664659524252902,6.185683266811069e-06
0.95,50,50,original,0.002620348250553671,0.002616150893638747,4.197356914923904e-06
0.95,50,50,harmonic,0.0011425572595204017,0.0011405354756909409,2.0217838294606876e-06
0.95,50,100,original,0.0013898990715773005,0.001380592178945616,9.306892631684284e-06
0.95,50,100,harmonic,0.0006583144318331208,0.0006568144380480696,1.499993785051261e-06
0.95,100,2,original,0.06321402817607111,0.06278808777695821,0.00042594039911290107
0.95,100,2,harmonic,0.04050418148123858,0.04028692847161587,0.0002172530096227159
0.95,100,5,original,0.01657150694027134,0.01653102421104923,4.0482729222108455e-05
0.95,100,5,harmonic,0.010881124531082401,0.010852722025117554,2.8402505964847327e-05
0.95,100,10,original,0.0101359467589185,0.010107559181805387,2.838757711311609e-05
0.95,100,10,harmonic,0.007342188466480372,0.0073155920561446776,2.6596410335693406e-05
0.95,100,20,original,0.007537153287763604,0.007359531367302557,0.0001776219204610474
0.95,100,20,harmonic,0.0031870940777839604,0.0031415840028728393,4.5510074911120394e-05
0.95,100,50,original,0.0028752791161614838,0.002850089265899444,2.518985026203959e-05
0.95,100,50,harmonic,0.0011877393521593275,0.0011861393416095572,1.6000105497701937e-06
0.95,100,100,original,0.0015591685611532802,0.0015577741410564498,1.3944200968307348e-06
0.95,100,100,harmonic,0.0005699338857759334,0.000568481439012893,1.4524467630403965e-06
