config,position_k,imbalance_ratio,traffic_split,alpha,beta,D_k,D_kp,term1,term2,total
systematic,1,1,0.6,0.0,1.0,-3.567330110474927e-06,-0.00046748766766392257,-0.0004710549977743975,3.567330110474927e-06,-0.00046748766766392257
systematic,1,1,0.8,0.0,1.0,2.3344671442049976e-05,-0.0008903854111115263,-0.0008670407396694763,-2.3344671442049976e-05,-0.0008903854111115263
systematic,1,1,0.95,0.0,1.0,2.4563271537768523e-06,-0.0005982757358535993,-0.0005958194086998225,-2.4563271537768523e-06,-0.0005982757358535993
systematic,1,2,0.6,0.0,1.0,-4.006726516621415e-06,-0.0004703883436256945,-0.0004743950701423159,4.006726516621415e-06,-0.0004703883436256945
systematic,1,2,0.8,0.0,1.0,2.1293556378078077e-05,-0.0005864381302757741,-0.000565144573897696,-2.1293556378078077e-05,-0.0005864381302757741
systematic,1,2,0.95,0.0,1.0,3.895578759730936e-05,-0.0009784823474713504,-0.0009395265598740411,-3.895578759730936e-05,-0.0009784823474713504
systematic,1,5,0.6,0.0,1.0,-4.5546772344241094e-05,-0.0004948276465726206,-0.0005403744189168617,4.5546772344241094e-05,-0.0004948276465726206
systematic,1,5,0.8,0.0,1.0,3.848869604190097e-06,-0.0005936517834208825,-0.0005898029138166924,-3.848869604190097e-06,-0.0005936517834208825
systematic,1,5,0.95,0.0,1.0,2.6097879254301275e-05,-0.0008428683703254759,-0.0008167704910711746,-2.6097879254301275e-05,-0.0008428683703254759
systematic,1,10,0.6,0.0,1.0,1.303955032828317e-06,-0.00037328527360481903,-0.0003719813185719907,-1.303955032828317e-06,-0.00037328527360481903
systematic,1,10,0.8,0.0,1.0,-2.462980503955322e-10,-0.000858564299390317,-0.0008585645456883675,2.462980503955322e-10,-0.000858564299390317
systematic,1,10,0.95,0.0,1.0,6.8762421859463395e-06,-0.0006884670952302461,-0.0006815908530442997,-6.8762421859463395e-06,-0.0006884670952302461
systematic,1,20,0.6,0.0,1.0,-2.2670239529455405e-05,-0.0006446427636967474,-0.0006673130032262028,2.2670239529455405e-05,-0.0006446427636967474
systematic,1,20,0.8,0.0,1.0,-2.4803975310339502e-05,-0.0003894383363893804,-0.0004142423116997199,2.4803975310339502e-05,-0.0003894383363893804
systematic,1,20,0.95,0.0,1.0,2.744368072689284e-06,-0.0007654549953958895,-0.0007627106273232002,-2.744368072689284e-06,-0.0007654549953958895
systematic,1,50,0.6,0.0,1.0,-2.8288008897221865e-05,-0.0004255474680837755,-0.0004538354769809973,2.8288008897221865e-05,-0.0004255474680837755
systematic,1,50,0.8,0.0,1.0,-9.148405244525289e-06,-0.0005426787329933256,-0.0005518271382378509,9.148405244525289e-06,-0.0005426787329933256
systematic,1,50,0.95,0.0,1.0,-2.7636179077938545e-06,-0.0007358276861510428,-0.0007385913040588366,2.7636179077938545e-06,-0.0007358276861510428
systematic,1,100,0.6,0.0,1.0,-5.1938503411892836e-05,-0.0007201001223326503,-0.0007720386257445432,5.1938503411892836e-05,-0.0007201001223326503
systematic,1,100,0.8,0.0,1.0,-4.0007944845777327e-05,-0.0006368251109939086,-0.0006768330558396859,4.0007944845777327e-05,-0.0006368251109939086
systematic,1,100,0.95,0.0,1.0,-1.5423776284676017e-05,-0.0010216762822184253,-0.0010371000585031012,1.5423776284676017e-05,-0.0010216762822184253
adversarial_mixed,1,1,,0.0,1.0,-2.682094483812407e-05,-4.499698561896096e-05,-7.181793045708503e-05,2.682094483812407e-05,-4.499698561896096e-05
adversarial_mixed,1,2,,0.0,1.0,-1.4367317095404506e-05,-4.349389941357489e-05,-5.78612165089794e-05,1.4367317095404506e-05,-4.349389941357489e-05
adversarial_mixed,1,5,,0.0,1.0,-4.436916032732194e-05,-3.912563220354699e-06,-4.828172354767664e-05,4.436916032732194e-05,-3.912563220354699e-06
adversarial_mixed,1,10,,0.0,1.0,-2.71517451787857e-05,-2.097537729809138e-05,-4.812712247687708e-05,2.71517451787857e-05,-2.097537729809138e-05
adversarial_mixed,1,20,,0.0,1.0,-5.0960574574093667e-05,-1.2560922182712248e-05,-6.352149675680591e-05,5.0960574574093667e-05,-1.2560922182712248e-05
adversarial_mixed,1,50,,0.0,1.0,-5.2360244457253045e-05,-1.3481682688095374e-05,-6.584192714534842e-05,5.2360244457253045e-05,-1.3481682688095374e-05
adversarial_mixed,1,100,,0.0,1.0,-5.104788540065495e-05,-7.807666431115535e-06,-5.885555183177048e-05,5.104788540065495e-05,-7.807666431115535e-06
systematic,2,1,0.6,1.0,2.0000000000000004,-1.0919940523951982e-05,-0.0004293935573840067,-0.0008806269958159176,1.0919940523951987e-05,-0.0008697070552919656
systematic,2,1,0.8,1.0,2.0000000000000004,-1.7156708937233946e-06,-0.00046592125526003446,-0.0009352738523075159,1.7156708937233955e-06,-0.0009335581814137925
systematic,2,1,0.95,1.0,2.0000000000000004,1.0335164698367237e-05,-0.0005263715088459491,-0.001032072688295164,-1.0335164698367242e-05,-0.0010424078529935312
systematic,2,2,0.6,1.0,2.0000000000000004,2.9491982589851043e-06,-0.00025500268171693913,-0.0005041069669159082,-2.9491982589851056e-06,-0.0005070561651748933
systematic,2,2,0.8,1.0,2.0000000000000004,3.459914673233528e-05,-0.0007058044844073672,-0.001342410675350064,-3.459914673233529e-05,-0.0013770098220823991
systematic,2,2,0.95,1.0,2.0000000000000004,3.628046604312377e-05,-0.0007256423402221272,-0.0013787237483580072,-3.628046604312378e-05,-0.001415004214401131
systematic,2,5,0.6,1.0,2.0000000000000004,5.8901109982285795e-06,-0.0005737481585121338,-0.0011357160950278106,-5.890110998228582e-06,-0.0011416062060260392
systematic,2,5,0.8,1.0,2.0000000000000004,-3.873075000804851e-06,-0.0007142757070117828,-0.0014362975640251755,3.873075000804853e-06,-0.0014324244890243708
systematic,2,5,0.95,1.0,2.0000000000000004,1.3637451745074757e-05,-0.0008556248914949,-0.0016839748794996508,-1.3637451745074763e-05,-0.0016976123312447255
systematic,2,10,0.6,1.0,2.0000000000000004,-2.4107800392480854e-05,-0.0005884377531895023,-0.0012250911071639665,2.4107800392480864e-05,-0.0012009833067714857
systematic,2,10,0.8,1.0,2.0000000000000004,-1.476635074307159e-06,-0.0004461844701985512,-0.0008953222105457169,1.4766350743071597e-06,-0.0008938455754714097
systematic,2,10,0.95,1.0,2.0000000000000004,1.0395312613335132e-05,-0.0006772426159032955,-0.001333694606579921,-1.0395312613335137e-05,-0.0013440899191932561
systematic,2,20,0.6,1.0,2.0000000000000004,-4.367998167183285e-05,-0.0006300159803180426,-0.001347391923979751,4.367998167183287e-05,-0.0013037119423079183
systematic,2,20,0.8,1.0,2.0000000000000004,1.9498691793172872e-05,-0.0009004356148025375,-0.0017618738460187299,-1.9498691793172882e-05,-0.0017813725378119027
systematic,2,20,0.95,1.0,2.0000000000000004,-2.526858615527848e-06,-0.0007173353287406949,-0.0014397243747124456,2.526858615527849e-06,-0.0014371975160969177
systematic,2,50,0.6,1.0,2.0000000000000004,-7.070073332258726e-05,-0.0007677941435165272,-0.0016769897536782295,7.070073332258729e-05,-0.0016062890203556422
systematic,2,50,0.8,1.0,2.0000000000000004,-1.7752000830879475e-05,-0.0005296914715814034,-0.0010948869448245658,1.7752000830879482e-05,-0.0010771349439936864
systematic,2,50,0.95,1.0,2.0000000000000004,-1.0374419141772826e-05,-0.0007118014139618616,-0.001444351666207269,1.0374419141772831e-05,-0.0014339772470654962
systematic,2,100,0.6,1.0,2.0000000000000004,-1.9268129185549755e-05,-0.00048218257452371707,-0.0010029014074185339,1.9268129185549766e-05,-0.000983633278232984
systematic,2,100,0.8,1.0,2.0000000000000004,-1.8518209842073826e-05,-0.0006536372460482952,-0.0013443109117807384,1.8518209842073833e-05,-0.0013257927019386646
systematic,2,100,0.95,1.0,2.0000000000000004,-1.466857003132572e-05,-0.0007650654825295238,-0.0015594681051216996,1.4668570031325726e-05,-0.0015447995350903738
adversarial_mixed,2,1,,1.0,2.0000000000000004,-3.0343814846082377e-05,-3.7604360525884104e-05,-0.000135896350743933,3.034381484608239e-05,-0.0001055525358978506
adversarial_mixed,2,2,,1.0,2.0000000000000004,-2.7321951134683076e-05,-1.677709668046983e-05,-8.819809563030582e-05,2.732195113468309e-05,-6.0876144495622733e-05
adversarial_mixed,2,5,,1.0,2.0000000000000004,-1.7768466383480917e-05,-3.537684337332397e-05,-0.0001062906195136098,1.7768466383480924e-05,-8.852215313012889e-05
adversarial_mixed,2,10,,1.0,2.0000000000000004,-2.18696895405323e-05,-2.0651020741314756e-05,-8.504142056369413e-05,2.186968954053231e-05,-6.317173102316181e-05
adversarial_mixed,2,20,,1.0,2.0000000000000004,-4.152249800306641e-05,-3.351349389282902e-06,-8.974769478469864e-05,4.152249800306643e-05,-4.822519678163221e-05
adversarial_mixed,2,50,,1.0,2.0000000000000004,-1.3909234624465627e-05,-3.641360216173305e-05,-0.00010064567357239739,1.3909234624465633e-05,-8.673643894793176e-05
adversarial_mixed,2,100,,1.0,2.0000000000000004,-4.6434723013598356e-05,-1.336875064455724e-05,-0.00011960694731631122,4.6434723013598376e-05,-7.317222430271283e-05
systematic,3,1,0.6,2.0000000000000004,3.0,5.676383693175137e-06,-0.0007756724315426664,-0.002309988143548474,-5.676383693175135e-06,-0.002315664527241649
systematic,3,1,0.8,2.0000000000000004,3.0,-5.368019827131697e-06,-0.0007172187251890425,-0.0021677602350485227,5.368019827131694e-06,-0.002162392215221391
systematic,3,1,0.95,2.0000000000000004,3.0,2.102938557427752e-05,-0.0009012579652896275,-0.00264068573914605,-2.102938557427751e-05,-0.0026617151247203276
systematic,3,2,0.6,2.0000000000000004,3.0,1.1845375625350071e-06,-0.00037823235048528526,-0.0011311434387682507,-1.1845375625350067e-06,-0.0011323279763307858
systematic,3,2,0.8,2.0000000000000004,3.0,1.138253926405246e-05,-0.000547939940946608,-0.0016096722050476665,-1.1382539264052455e-05,-0.0016210547443117188
systematic,3,2,0.95,2.0000000000000004,3.0,5.4437240287040544e-05,-0.0010069318906606758,-0.002857483951120906,-5.4437240287040517e-05,-0.0029119211914079464
systematic,3,5,0.6,2.0000000000000004,3.0,3.1928256726943113e-06,-0.0002582647658338652,-0.0007652158204835126,-3.19282567269431e-06,-0.0007684086461562069
systematic,3,5,0.8,2.0000000000000004,3.0,5.017893288890703e-06,-0.0007204291734398076,-0.002146233840452751,-5.0178932888907e-06,-0.0021512517337416415
systematic,3,5,0.95,2.0000000000000004,3.0,4.158197204908175e-06,-0.0006500741004921101,-0.0019377477098616058,-4.158197204908173e-06,-0.001941905907066514
systematic,3,10,0.6,2.0000000000000004,3.0,-2.950692740492648e-05,-0.0006331277810176429,-0.001987904125267708,2.9506927404926466e-05,-0.0019583971978627815
systematic,3,10,0.8,2.0000000000000004,3.0,-2.4504178071254636e-06,-0.0008063021153129782,-0.0024262575993603108,2.4504178071254623e-06,-0.0024238071815531853
systematic,3,10,0.95,2.0000000000000004,3.0,8.77751959347106e-06,-0.0008440868725774711,-0.002505928058952,-8.777519593471057e-06,-0.002514705578545471
systematic,3,20,0.6,2.0000000000000004,3.0,-4.726213485118971e-05,-0.0005839842006223041,-0.0018937390064204815,4.726213485118969e-05,-0.0018464768715692919
systematic,3,20,0.8,2.0000000000000004,3.0,-2.082649671159726e-05,-0.0005846547042086034,-0.001816443602760602,2.082649671159725e-05,-0.0017956171060490047
systematic,3,20,0.95,2.0000000000000004,3.0,3.711585265433494e-06,-0.0007870075393129347,-0.0023498878621425034,-3.7115852654334924e-06,-0.0023535994474079367
systematic,3,50,0.6,2.0000000000000004,3.0,6.452931014518191e-06,-0.0007168392548602499,-0.002131158971537195,-6.452931014518188e-06,-0.0021376119025517133
systematic,3,50,0.8,2.0000000000000004,3.0,-2.0072807333872708e-05,-0.0006520904072717891,-0.0020164896438169856,2.0072807333872698e-05,-0.001996416836483113
systematic,3,50,0.95,2.0000000000000004,3.0,-3.026443039728745e-06,-0.00046691080592112775,-0.0014098117468825696,3.026443039728744e-06,-0.0014067853038428409
systematic,3,100,0.6,2.0000000000000004,3.0,-6.108569622017998e-05,-0.00038907174719649527,-0.0013504723302500258,6.108569622017995e-05,-0.0012893866340298458
systematic,3,100,0.8,2.0000000000000004,3.0,-2.1032030948260472e-05,-0.0007779225758870454,-0.0023968638205059175,2.1032030948260462e-05,-0.0023758317895576572
systematic,3,100,0.95,2.0000000000000004,3.0,-1.9602684560418103e-05,-0.0008758181236755221,-0.0026862624247078206,1.9602684560418093e-05,-0.0026666597401474026
adversarial_mixed,3,1,,2.0000000000000004,3.0,-2.8087774905444598e-05,-3.7932905246740594e-05,-0.00019806204045655557,2.8087774905444584e-05,-0.00016997426555111098
adversarial_mixed,3,2,,2.0000000000000004,3.0,-2.9797338411600256e-05,-2.245825900890541e-05,-0.000156766792261517,2.9797338411600242e-05,-0.00012696945384991674
adversarial_mixed,3,5,,2.0000000000000004,3.0,-1.705696977832822e-05,-3.470720939487804e-05,-0.00015529253751961878,1.7056969778328212e-05,-0.00013823556774129057
adversarial_mixed,3,10,,2.0000000000000004,3.0,-2.6341400109818362e-05,-3.140421839493442e-05,-0.00017323685551425835,2.6341400109818352e-05,-0.00014689545540443998
adversarial_mixed,3,20,,2.0000000000000004,3.0,-4.0736417490834476e-05,-8.703356937002485e-06,-0.00014831932328351088,4.0736417490834456e-05,-0.00010758290579267643
adversarial_mixed,3,50,,2.0000000000000004,3.0,-3.350035830270153e-05,-1.8148344878358676e-05,-0.00015494610954318061,3.3500358302701515e-05,-0.0001214457512404791
adversarial_mixed,3,100,,2.0000000000000004,3.0,-4.0704844404070776e-05,-7.708298866479946e-06,-0.00014523942981165217,4.0704844404070756e-05,-0.00010453458540758142
systematic,4,1,0.6,3.0,4.0,7.947800711821619e-07,-0.0005669056590194053,-0.0022644435157928924,-7.947800711821619e-07,-0.0022652382958640747
systematic,4,1,0.8,3.0,4.0,4.0997589224501304e-05,-0.0006741376656702716,-0.0025325603057830813,-4.0997589224501304e-05,-0.0025735578950075826
systematic,4,1,0.95,3.0,4.0,3.0776814900309115e-05,-0.0009460848996060471,-0.003661232338822952,-3.0776814900309115e-05,-0.003692009153723261
systematic,4,2,0.6,3.0,4.0,-5.717321277787495e-07,-0.00031530536658771384,-0.0012635083948619704,5.717321277787495e-07,-0.0012629366627341916
systematic,4,2,0.8,3.0,4.0,2.3138906487919742e-05,-0.0006162751020938396,-0.0023725447824236795,-2.3138906487919742e-05,-0.0023956836889115992
systematic,4,2,0.95,3.0,4.0,2.283836728446723e-05,-0.0008599287319725725,-0.0033483614587524213,-2.283836728446723e-05,-0.0033711998260368883
systematic,4,5,0.6,3.0,4.0,1.4504214316759606e-05,-0.0005661212079694064,-0.0022064679746105873,-1.4504214316759606e-05,-0.0022209721889273467
systematic,4,5,0.8,3.0,4.0,7.3235124425855415e-06,-0.0005973023228784965,-0.002359915241743644,-7.3235124425855415e-06,-0.0023672387541862293
systematic,4,5,0.95,3.0,4.0,2.8203634167994716e-05,-0.0011207200757761828,-0.004370065766432753,-2.8203634167994716e-05,-0.004398269400600748
systematic,4,10,0.6,3.0,4.0,-2.0204926238763787e-05,-0.000463518144841424,-0.001934892284320751,2.0204926238763787e-05,-0.0019146873580819872
systematic,4,10,0.8,3.0,4.0,-1.6797106926030362e-05,-0.0005723794130632054,-0.002356706079956943,1.6797106926030362e-05,-0.0023399089730309127
systematic,4,10,0.95,3.0,4.0,5.913718250345046e-06,-0.0005969739263459037,-0.002364240832382235,-5.913718250345046e-06,-0.00237015455063258
systematic,4,20,0.6,3.0,4.0,-3.6143784389913844e-05,-0.00042834155781734076,-0.0018579413688290184,3.6143784389913844e-05,-0.0018217975844391045
systematic,4,20,0.8,3.0,4.0,-3.849626121430117e-06,-0.0007117411960010789,-0.002862363288490036,3.849626121430117e-06,-0.0028585136623686057
systematic,4,20,0.95,3.0,4.0,4.83817363276259e-06,-0.000809706224316028,-0.0032194722027330614,-4.83817363276259e-06,-0.003224310376365824
systematic,4,50,0.6,3.0,4.0,-2.478799613705131e-05,-0.0005990620010445771,-0.0024953999887265136,2.478799613705131e-05,-0.002470611992589462
systematic,4,50,0.8,3.0,4.0,-4.961944168087406e-05,-0.0004828180739475347,-0.002129750062513635,4.961944168087406e-05,-0.002080130620832761
systematic,4,50,0.95,3.0,4.0,-7.734571403271867e-06,-0.000860740149616469,-0.0034738988840789633,7.734571403271867e-06,-0.003466164312675691
systematic,4,100,0.6,3.0,4.0,-7.581218263335175e-05,-0.00041206670881190034,-0.0019515155657810084,7.581218263335175e-05,-0.0018757033831476567
systematic,4,100,0.8,3.0,4.0,-2.3129071245247144e-05,-0.0009086440216784626,-0.003727092371694839,2.3129071245247144e-05,-0.0037039633004495916
systematic,4,100,0.95,3.0,4.0,-1.2879660809244743e-05,-0.0006861124416325669,-0.0027959684097672464,1.2879660809244743e-05,-0.0027830887489580015
adversarial_mixed,4,1,,3.0,4.0,-3.40932640193691e-05,-3.096562697953143e-05,-0.0002602355639956021,3.40932640193691e-05,-0.000226142299976233
adversarial_mixed,4,2,,3.0,4.0,-3.6466246991290186e-05,-9.799482716646012e-06,-0.0001850629188317448,3.6466246991290186e-05,-0.0001485966718404546
adversarial_mixed,4,5,,3.0,4.0,-3.4086951986863105e-05,-1.2868569287766206e-05,-0.00018782208509851724,3.4086951986863105e-05,-0.00015373513311165414
adversarial_mixed,4,10,,3.0,4.0,-4.561881936105902e-05,-5.976167953400087e-06,-0.00020637994925783642,4.561881936105902e-05,-0.0001607611298967774
adversarial_mixed,4,20,,3.0,4.0,-3.130903973530406e-05,-2.5587904910307125e-05,-0.00022758777858244473,3.130903973530406e-05,-0.00019627873884714068
adversarial_mixed,4,50,,3.0,4.0,-6.842720525719831e-06,-4.557185095518425e-05,-0.00020965828592361632,6.842720525719831e-06,-0.00020281556539789649
adversarial_mixed,4,100,,3.0,4.0,-3.998730094034237e-05,-1.7937473441060703e-05,-0.0002316990975256123,3.998730094034237e-05,-0.00019171179658526992
systematic,5,1,0.6,4.0,5.000000000000001,2.7332116455326314e-06,-0.000719192178711935,-0.003582294835332012,-2.733211645532634e-06,-0.0035850280469775448
systematic,5,1,0.8,4.0,5.000000000000001,-4.367972327037049e-06,-0.0005661472646384574,-0.002852576184827473,4.367972327037053e-06,-0.002848208212500436
systematic,5,1,0.95,4.0,5.000000000000001,2.0990093910918566e-05,-0.0005344126198885747,-0.002567112629888281,-2.0990093910918586e-05,-0.0025881027237992
systematic,5,2,0.6,4.0,5.000000000000001,1.4653202929834012e-05,-0.00048719321677922545,-0.0023627000692469577,-1.4653202929834026e-05,-0.0023773532721767915
systematic,5,2,0.8,4.0,5.000000000000001,2.997998370617936e-05,-0.0007895560932893082,-0.003797880547915645,-2.9979983706179386e-05,-0.0038278605316218245
systematic,5,2,0.95,4.0,5.000000000000001,1.5439853671095848e-05,-0.0005842637377115458,-0.0028441194202022506,-1.543985367109586e-05,-0.0028595592738733465
systematic,5,5,0.6,4.0,5.000000000000001,-2.771112269643494e-05,-0.0003435581990352813,-0.0018563466086585817,2.7711122696434965e-05,-0.0018286354859621467
systematic,5,5,0.8,4.0,5.000000000000001,-9.983158762890044e-06,-0.0006014666371189424,-0.003057248979409163,9.983158762890053e-06,-0.003047265820646273
systematic,5,5,0.95,4.0,5.000000000000001,8.014270928568474e-06,-0.0007264809242157716,-0.0035923332664360157,-8.014270928568481e-06,-0.003600347537364584
systematic,5,10,0.6,4.0,5.000000000000001,-2.6113601522411795e-05,-0.00045579345601948673,-0.002409535287709493,2.611360152241182e-05,-0.0023834216861870813
systematic,5,10,0.8,4.0,5.000000000000001,2.1230045249409375e-05,-0.00115754451466837,-0.005681572347094804,-2.1230045249409395e-05,-0.005702802392344213
systematic,5,10,0.95,4.0,5.000000000000001,4.283177926778101e-07,-0.0004347937929185837,-0.00217182737562953,-4.283177926778105e-07,-0.0021722556934222078
systematic,5,20,0.6,4.0,5.000000000000001,-1.1439289587481595e-05,-0.00043193930696091643,-0.0022168929827419905,1.1439289587481605e-05,-0.002205453693154509
systematic,5,20,0.8,4.0,5.000000000000001,-2.4980065301314088e-05,-0.0006446053902273719,-0.003347927277643431,2.498006530131411e-05,-0.0033229472123421167
systematic,5,20,0.95,4.0,5.000000000000001,-9.31269555777214e-06,-0.0008288215757216517,-0.004190671356397119,9.312695557772149e-06,-0.004181358660839347
systematic,5,50,0.6,4.0,5.000000000000001,1.1135655574178582e-05,-0.000948496174751938,-0.004686802595888798,-1.1135655574178593e-05,-0.004697938251462977
systematic,5,50,0.8,4.0,5.000000000000001,-3.383855300666258e-05,-0.00036650570533224133,-0.0020017212916945202,3.383855300666261e-05,-0.0019678827386878576
systematic,5,50,0.95,4.0,5.000000000000001,3.348951493887775e-06,-0.0010456956815384374,-0.0052117336502227486,-3.348951493887778e-06,-0.005215082601716636
systematic,5,100,0.6,4.0,5.000000000000001,-6.50675528819037e-05,-0.0004432963658822734,-0.002541819593820886,6.506755288190376e-05,-0.0024767520409389823
systematic,5,100,0.8,4.0,5.000000000000001,-3.941878310307522e-06,-0.0007265753374628373,-0.003652586078865725,3.941878310307525e-06,-0.0036486442005554173
systematic,5,100,0.95,4.0,5.000000000000001,-6.740319426084148e-06,-0.0007044147981861786,-0.0035557755880613147,6.740319426084154e-06,-0.0035490352686352307
adversarial_mixed,5,1,,4.0,5.000000000000001,-3.99091715346261e-05,-4.539081812395245e-05,-0.00042649994829289283,3.990917153462614e-05,-0.00038659077675826667
adversarial_mixed,5,2,,4.0,5.000000000000001,-2.8333846162599367e-05,-2.4129931497328774e-05,-0.00026231888829964076,2.833384616259939e-05,-0.00023398504213704136
adversarial_mixed,5,5,,4.0,5.000000000000001,-3.824995495494256e-05,-6.851512899542166e-06,-0.00022550733927242367,3.8249954954942596e-05,-0.00018725738431748108
adversarial_mixed,5,10,,4.0,5.000000000000001,-1.6489275619231605e-05,-3.326805411026605e-05,-0.00024878664864748834,1.6489275619231618e-05,-0.00023229737302825674
adversarial_mixed,5,20,,4.0,5.000000000000001,-2.194458739255699e-05,-3.172766331328936e-05,-0.0002683612535292318,2.194458739255701e-05,-0.0002464166661366748
adversarial_mixed,5,50,,4.0,5.000000000000001,-4.015129956923513e-05,-1.389449479573959e-05,-0.00027022897182487363,4.0151299569235164e-05,-0.00023007767225563847
adversarial_mixed,5,100,,4.0,5.000000000000001,-4.2328249594029044e-05,-5.855323374359819e-06,-0.00024091786484194437,4.2328249594029085e-05,-0.00019858961524791527
systematic,6,1,0.6,5.000000000000001,6.000000000000001,8.068461266421616e-06,-0.0006693877313961043,-0.003967915620778096,-8.068461266421616e-06,-0.003975984082044518
systematic,6,1,0.8,5.000000000000001,6.000000000000001,1.6968754941727206e-05,-0.000987906229987675,-0.005825624850275687,-1.6968754941727206e-05,-0.0058425936052174145
systematic,6,1,0.95,5.000000000000001,6.000000000000001,2.9601835014261054e-05,-0.0010837017138758313,-0.006324599273169423,-2.9601835014261054e-05,-0.0063542011081836845
systematic,6,2,0.6,5.000000000000001,6.000000000000001,1.708463061203243e-05,-0.0006444551152502014,-0.003764222907829014,-1.708463061203243e-05,-0.0037813075384410463
systematic,6,2,0.8,5.000000000000001,6.000000000000001,1.4430199753212298e-05,-0.00037164650457492785,-0.0021432978289302935,-1.4430199753212298e-05,-0.002157728028683506
systematic,6,2,0.95,5.000000000000001,6.000000000000001,4.353985028760556e-05,-0.00124641352546091,-0.007217242051039828,-4.353985028760556e-05,-0.007260781901327434
systematic,6,5,0.6,5.000000000000001,6.000000000000001,-1.2742227309429032e-06,-0.0005682863385739173,-0.0034173633678291617,1.2742227309429032e-06,-0.003416089145098219
systematic,6,5,0.8,5.000000000000001,6.000000000000001,1.2479952126189957e-05,-0.0005559525808153837,-0.003260835772135163,-1.2479952126189957e-05,-0.003273315724261353
systematic,6,5,0.95,5.000000000000001,6.000000000000001,2.1593048061107104e-05,-0.0007400415236825947,-0.004310690853728926,-2.1593048061107104e-05,-0.004332283901790033
systematic,6,10,0.6,5.000000000000001,6.000000000000001,-3.2771206257125815e-05,-0.00036147517792675925,-0.002365478305103311,3.2771206257125815e-05,-0.002332707098846185
systematic,6,10,0.8,5.000000000000001,6.000000000000001,6.462423362367482e-06,-0.0005195362642940364,-0.0030784430455900146,-6.462423362367482e-06,-0.003084905468952382
systematic,6,10,0.95,5.000000000000001,6.000000000000001,3.024797358098754e-06,-0.0012938020054255113,-0.007744663248404476,-3.024797358098754e-06,-0.007747688045762575
systematic,6,20,0.6,5.000000000000001,6.000000000000001,1.92875537526074e-06,-0.0008325676807033828,-0.004983833551968733,-1.92875537526074e-06,-0.0049857623073439935
systematic,6,20,0.8,5.000000000000001,6.000000000000001,1.125898307601555e-05,-0.0009842268938411408,-0.005837807464590753,-1.125898307601555e-05,-0.005849066447666768
systematic,6,20,0.95,5.000000000000001,6.000000000000001,-3.258202570887224e-06,-0.0009414418286790712,-0.005668200187499752,3.258202570887224e-06,-0.005664941984928865
systematic,6,50,0.6,5.000000000000001,6.000000000000001,-4.684396772303799e-05,-0.0004843336693619648,-0.0031870658225100173,4.684396772303799e-05,-0.0031402218547869794
systematic,6,50,0.8,5.000000000000001,6.000000000000001,-3.739234583534282e-05,-0.0006245738190667699,-0.003971796989412677,3.739234583534282e-05,-0.0039344046435773345
systematic,6,50,0.95,5.000000000000001,6.000000000000001,-6.77586056679555e-06,-0.0007868359266579374,-0.0047616707233483985,6.77586056679555e-06,-0.004754894862781603
systematic,6,100,0.6,5.000000000000001,6.000000000000001,-3.262789137601084e-05,-0.00043611396021145203,-0.002812451109524778,3.262789137601084e-05,-0.002779823218148767
systematic,6,100,0.8,5.000000000000001,6.000000000000001,-2.934204463896496e-05,-0.00048092019326506435,-0.0030615734274241765,2.934204463896496e-05,-0.0030322313827852113
systematic,6,100,0.95,5.000000000000001,6.000000000000001,-1.1386978876732732e-05,-0.0006815629568953616,-0.004157699614632567,1.1386978876732732e-05,-0.004146312635755834
adversarial_mixed,6,1,,5.000000000000001,6.000000000000001,-3.4023421940115655e-05,-3.611033514038973e-05,-0.00042080254248303236,3.4023421940115655e-05,-0.0003867791205429167
adversarial_mixed,6,2,,5.000000000000001,6.000000000000001,-1.607725336643252e-05,-3.4897323157099646e-05,-0.00030584745914119304,1.607725336643252e-05,-0.0002897702057747605
adversarial_mixed,6,5,,5.000000000000001,6.000000000000001,-3.470719647395183e-05,-2.0735310640092612e-05,-0.0003326550426842667,3.470719647395183e-05,-0.0002979478462103149
adversarial_mixed,6,10,,5.000000000000001,6.000000000000001,-1.584332112176647e-05,-3.488270813038953e-05,-0.00030435617551293604,1.584332112176647e-05,-0.00028851285439116957
adversarial_mixed,6,20,,5.000000000000001,6.000000000000001,-2.4741378451621928e-05,-3.305826882371739e-05,-0.00034679788365203596,2.4741378451621928e-05,-0.00032205650520041404
adversarial_mixed,6,50,,5.000000000000001,6.000000000000001,-2.253168634406915e-05,-3.1210306095523786e-05,-0.00032245195463755766,2.253168634406915e-05,-0.0002999202682934885
adversarial_mixed,6,100,,5.000000000000001,6.000000000000001,-1.6504590432591846e-05,-4.180060463731308e-05,-0.0003498311704194296,1.6504590432591846e-05,-0.00033332657998683774
systematic,7,1,0.6,6.000000000000001,7.0,1.199200193520932e-05,-0.0007084959957993245,-0.004875527957048806,-1.199200193520931e-05,-0.004887519958984015
systematic,7,1,0.8,6.000000000000001,7.0,7.289628474004559e-06,-0.0007886450313278146,-0.00546948781997667,-7.289628474004552e-06,-0.0054767774484506745
systematic,7,1,0.95,6.000000000000001,7.0,-4.0700128513910735e-06,-0.00026136955531344975,-0.0018580769771538858,4.07001285139107e-06,-0.0018540069643024947
systematic,7,2,0.6,6.000000000000001,7.0,1.5923498979108185e-05,-0.0005214906495007323,-0.0035389700536513687,-1.592349897910817e-05,-0.003554893552630477
systematic,7,2,0.8,6.000000000000001,7.0,1.2299418483060825e-05,-0.0005502291140342059,-0.0037655078688580155,-1.2299418483060815e-05,-0.003777807287341076
systematic,7,2,0.95,6.000000000000001,7.0,4.272909589378074e-05,-0.0013375564383786614,-0.009063791397394164,-4.27290958937807e-05,-0.009106520493287945
systematic,7,5,0.6,6.000000000000001,7.0,-5.29917209552913e-06,-0.0005716201881827957,-0.0040384355219482745,5.299172095529125e-06,-0.004033136349852745
systematic,7,5,0.8,6.000000000000001,7.0,2.3263449763945065e-05,-0.0007703910966789982,-0.005229893528405372,-2.3263449763945045e-05,-0.0052531569781693165
systematic,7,5,0.95,6.000000000000001,7.0,2.9465338536136952e-05,-0.0009620049943063682,-0.006527777590391619,-2.9465338536136925e-05,-0.0065572429289277555
systematic,7,10,0.6,6.000000000000001,7.0,-4.1257599654887054e-05,-0.0006243383441452024,-0.004659171606600626,4.125759965488702e-05,-0.004617914006945739
systematic,7,10,0.8,6.000000000000001,7.0,-3.092150997018522e-05,-0.000620606002608984,-0.004560692588054185,3.092150997018519e-05,-0.0045297710780839995
systematic,7,10,0.95,6.000000000000001,7.0,1.6592891614108127e-05,-0.001068142672749595,-0.007360848467948407,-1.6592891614108113e-05,-0.007377441359562515
systematic,7,20,0.6,6.000000000000001,7.0,-2.677893798328903e-05,-0.0006352768364679284,-0.004634390421158522,2.6778937983289005e-05,-0.004607611483175233
systematic,7,20,0.8,6.000000000000001,7.0,-2.306490118985956e-05,-0.00047202779575863073,-0.003465648878639432,2.306490118985954e-05,-0.0034425839774495726
systematic,7,20,0.95,6.000000000000001,7.0,5.264777196876242e-06,-0.0005148747744754976,-0.0035672699809503497,-5.264777196876237e-06,-0.003572534758147226
systematic,7,50,0.6,6.000000000000001,7.0,-1.9636968317226437e-05,-0.0006704707036453458,-0.004830753703738006,1.963696831722642e-05,-0.00481111673542078
systematic,7,50,0.8,6.000000000000001,7.0,-2.5096717892408285e-05,-0.0008158638333836448,-0.005886723858932371,2.509671789240826e-05,-0.005861627141039963
systematic,7,50,0.95,6.000000000000001,7.0,4.163756328889949e-06,-0.000605779591021384,-0.004211310842847459,-4.163756328889946e-06,-0.004215474599176349
systematic,7,100,0.6,6.000000000000001,7.0,-1.3637462934780752e-05,-0.0006558352584516912,-0.004686309049705303,1.363746293478074e-05,-0.004672671586770522
systematic,7,100,0.8,6.000000000000001,7.0,-1.4731433521194683e-05,-0.0007435715992407166,-0.0053081212293333785,1.473143352119467e-05,-0.005293389795812184
systematic,7,100,0.95,6.000000000000001,7.0,-3.412705719026644e-06,-0.0005486294016196782,-0.003864294751370934,3.412705719026641e-06,-0.0038608820456519075
adversarial_mixed,7,1,,6.000000000000001,7.0,-3.479055073434955e-05,-4.505555982722148e-05,-0.0005589227739309972,3.479055073434951e-05,-0.0005241322231966476
adversarial_mixed,7,2,,6.000000000000001,7.0,-3.1753202828662644e-05,-3.023229384230172e-05,-0.00043389847669675054,3.175320282866262e-05,-0.00040214527386808795
adversarial_mixed,7,5,,6.000000000000001,7.0,-4.024312844230733e-05,-1.0379904524599024e-05,-0.00035436123076834446,4.0243128442307294e-05,-0.0003141181023260372
adversarial_mixed,7,10,,6.000000000000001,7.0,-2.267293287323732e-05,-2.6131234863915084e-05,-0.0003416291741600668,2.26729328732373e-05,-0.0003189562412868295
adversarial_mixed,7,20,,6.000000000000001,7.0,1.0512007983932265e-05,-6.794475278524236e-05,-0.00040202921360917064,-1.0512007983932255e-05,-0.0004125412215931029
adversarial_mixed,7,50,,6.000000000000001,7.0,-1.2588638965223785e-05,-5.09300831647633e-05,-0.0004446310549099096,1.2588638965223773e-05,-0.0004320424159446858
adversarial_mixed,7,100,,6.000000000000001,7.0,-3.161061179700721e-05,-2.2746935951857794e-05,-0.000380502834242055,3.1610611797007183e-05,-0.0003488922224450478
systematic,8,1,0.6,7.0,8.0,1.4228303979802023e-05,-0.0009339122389493336,-0.007357471479756253,-1.4228303979802023e-05,-0.007371699783736055
systematic,8,1,0.8,7.0,8.0,3.930075303695542e-06,-0.0005484909218501832,-0.004356486772371901,-3.930075303695542e-06,-0.004360416847675597
systematic,8,1,0.95,7.0,8.0,-1.1234275412379637e-05,-0.000370044304959633,-0.003050228642976101,1.1234275412379637e-05,-0.0030389943675637214
systematic,8,2,0.6,7.0,8.0,-5.3859407286046645e-06,-0.0004242209130741292,-0.003436854830421871,5.3859407286046645e-06,-0.0034314688896932666
systematic,8,2,0.8,7.0,8.0,2.503920191949976e-05,-0.0007725071365781426,-0.0059797434772691435,-2.503920191949976e-05,-0.006004782679188643
systematic,8,2,0.95,7.0,8.0,2.478629360292965e-05,-0.0007317774082430483,-0.005655928917120949,-2.478629360292965e-05,-0.005680715210723879
systematic,8,5,0.6,7.0,8.0,1.655020852252872e-05,-0.0010512211545934743,-0.008277367568567565,-1.655020852252872e-05,-0.008293917777090093
systematic,8,5,0.8,7.0,8.0,1.6370381068904195e-05,-0.0006710211445226158,-0.005237206107629693,-1.6370381068904195e-05,-0.005253576488698597
systematic,8,5,0.95,7.0,8.0,1.0983375359798351e-05,-0.000802217128091813,-0.006329870021856117,-1.0983375359798351e-05,-0.006340853397215915
systematic,8,10,0.6,7.0,8.0,-2.7204040476021046e-05,-0.00049123719499594,-0.0041475298837756885,2.7204040476021046e-05,-0.004120325843299667
systematic,8,10,0.8,7.0,8.0,-1.2139731116837576e-05,-0.0005016137188444295,-0.0041100275996901366,1.2139731116837576e-05,-0.004097887868573299
systematic,8,10,0.95,7.0,8.0,9.10220529870441e-06,-0.0007813899190317906,-0.006178301709864689,-9.10220529870441e-06,-0.006187403915163394
systematic,8,20,0.6,7.0,8.0,9.45285928607043e-07,-0.000712157858575141,-0.005689700581172272,-9.45285928607043e-07,-0.005690645867100879
systematic,8,20,0.8,7.0,8.0,-2.6262448941129213e-06,-0.0009215457326487723,-0.007393375820343082,2.6262448941129213e-06,-0.007390749575448969
systematic,8,20,0.95,7.0,8.0,-5.391683953173268e-06,-0.000648951212734199,-0.005234743173498978,5.391683953173268e-06,-0.005229351489545805
systematic,8,50,0.6,7.0,8.0,-7.126346474849521e-05,-0.0003168421690518859,-0.003104845070403049,7.126346474849521e-05,-0.003033581605654554
systematic,8,50,0.8,7.0,8.0,-2.5842385151227373e-05,-0.0006701697692684314,-0.00556809723535727,2.5842385151227373e-05,-0.005542254850206043
systematic,8,50,0.95,7.0,8.0,-2.5653361101611943e-06,-0.0008081754011034641,-0.006485925897709003,2.5653361101611943e-06,-0.006483360561598842
systematic,8,100,0.6,7.0,8.0,-4.1654292196778564e-05,-0.0005093514914958141,-0.004408046269540741,4.1654292196778564e-05,-0.0043663919773439626
systematic,8,100,0.8,7.0,8.0,-2.552535063728727e-05,-0.000646067844704011,-0.0053727455627303865,2.552535063728727e-05,-0.005347220212093099
systematic,8,100,0.95,7.0,8.0,-1.3169504506196312e-05,-0.00035564559247807965,-0.0029505207758742076,1.3169504506196312e-05,-0.0029373512713680113
adversarial_mixed,8,1,,7.0,8.0,-4.04350588647693e-05,-3.241635269183912e-05,-0.0005828112924528674,4.04350588647693e-05,-0.0005423762335880981
adversarial_mixed,8,2,,7.0,8.0,-3.858534947221744e-05,-1.4661761214509626e-05,-0.0004259768854938165,3.858534947221744e-05,-0.0003873915360215991
adversarial_mixed,8,5,,7.0,8.0,-5.282844389517999e-05,1.4700452884631359e-06,-0.0004108671888537348,5.282844389517999e-05,-0.00035803874495855483
adversarial_mixed,8,10,,7.0,8.0,-2.2160926207261675e-05,-3.7560875942719006e-05,-0.00047777441719984545,2.2160926207261675e-05,-0.0004556134909925838
adversarial_mixed,8,20,,7.0,8.0,-5.7018279315301616e-05,-3.4370257060098723e-06,-0.0004836424401704919,5.7018279315301616e-05,-0.0004266241608551903
adversarial_mixed,8,50,,7.0,8.0,-3.5157432406809756e-05,-2.0044435395074635e-05,-0.0004416149424150751,3.5157432406809756e-05,-0.00040645751000826537
adversarial_mixed,8,100,,7.0,8.0,-8.839784774975596e-06,-4.541097389019173e-05,-0.0004340060693213386,8.839784774975596e-06,-0.000425166284546363
systematic,9,1,0.6,8.0,9.0,-2.0782562430278083e-05,-0.00045043758299130035,-0.004240981308794206,2.0782562430278083e-05,-0.004220198746363928
systematic,9,1,0.8,8.0,9.0,2.0636791376547718e-05,-0.00072088325466232,-0.00630221816957195,-2.0636791376547718e-05,-0.006322854960948498
systematic,9,1,0.95,8.0,9.0,1.528472685659733e-05,-0.0007881543298675602,-0.006955826427098666,-1.528472685659733e-05,-0.006971111153955264
systematic,9,2,0.6,8.0,9.0,5.579014606020354e-06,-0.0004051375504979766,-0.003596026823027606,-5.579014606020354e-06,-0.0036016058376336264
systematic,9,2,0.8,8.0,9.0,1.2829483444395961e-05,-0.0007773236141818095,-0.006880447176636721,-1.2829483444395961e-05,-0.006893276660081118
systematic,9,2,0.95,8.0,9.0,1.5900024963392038e-05,-0.0005486043856336795,-0.0047943392460325866,-1.5900024963392038e-05,-0.004810239270995978
systematic,9,5,0.6,8.0,9.0,-3.4055014532021675e-05,-0.0003521549437548729,-0.0034758896245820512,3.4055014532021675e-05,-0.0034418346100500295
systematic,9,5,0.8,8.0,9.0,-1.1571998516582963e-05,-0.0005387692711268814,-0.004953071426791179,1.1571998516582963e-05,-0.004941499428274596
systematic,9,5,0.95,8.0,9.0,1.648727908354182e-05,-0.0008334442141431128,-0.007352612415536139,-1.648727908354182e-05,-0.007369099694619681
systematic,9,10,0.6,8.0,9.0,-2.6794123246225848e-05,-0.00040795910179547206,-0.003912779025375282,2.6794123246225848e-05,-0.003885984902129056
systematic,9,10,0.8,8.0,9.0,-5.507861595782675e-06,-0.000570521663482106,-0.005184265725700998,5.507861595782675e-06,-0.005178757864105215
systematic,9,10,0.95,8.0,9.0,-1.4126557048479006e-06,-0.0010476365866915476,-0.00944144318156756,1.4126557048479006e-06,-0.009440030525862713
systematic,9,20,0.6,8.0,9.0,-2.4352790733964417e-05,-0.00044324677834421287,-0.004208396121703596,2.4352790733964417e-05,-0.004184043330969631
systematic,9,20,0.8,8.0,9.0,-2.1896972438007243e-05,-0.0005441012331150874,-0.005093983849977852,2.1896972438007243e-05,-0.0050720868775398446
systematic,9,20,0.95,8.0,9.0,-2.9958959958921734e-06,-0.0006475868876021196,-0.005855245052382106,2.9958959958921734e-06,-0.005852249156386213
systematic,9,50,0.6,8.0,9.0,-3.303884319060915e-05,-0.0005210942622626219,-0.00498719794907908,3.303884319060915e-05,-0.00495415910588847
systematic,9,50,0.8,8.0,9.0,-2.697851876360271e-05,-0.0009698658176294472,-0.008971599027537448,2.697851876360271e-05,-0.008944620508773846
systematic,9,50,0.95,8.0,9.0,1.0274567581578213e-05,-0.0010097201907219152,-0.008995010608263031,-1.0274567581578213e-05,-0.00900528517584461
systematic,9,100,0.6,8.0,9.0,-1.6045172595114483e-06,-0.000687667119571216,-0.006203444731476547,1.6045172595114483e-06,-0.006201840214217035
systematic,9,100,0.8,8.0,9.0,2.2200116481647215e-06,-0.00039119378528287407,-0.003500763962712384,-2.2200116481647215e-06,-0.0035029839743605487
systematic,9,100,0.95,8.0,9.0,1.971009000204958e-06,-0.0007831831651625916,-0.0070309094054614805,-1.971009000204958e-06,-0.0070328804144616855
adversarial_mixed,9,1,,8.0,9.0,-3.330614029492865e-05,-4.572546388615457e-05,-0.000711284437629749,3.330614029492865e-05,-0.0006779782973348204
adversarial_mixed,9,2,,8.0,9.0,-2.1393238829871004e-05,-2.991401609024635e-05,-0.00046176529428105617,2.1393238829871004e-05,-0.00044037205545118517
adversarial_mixed,9,5,,8.0,9.0,-2.8170701345494643e-05,-2.5286076744803073e-05,-0.00048111100281267945,2.8170701345494643e-05,-0.0004529403014671848
adversarial_mixed,9,10,,8.0,9.0,-8.876766200753398e-06,-3.3205747057997025e-05,-0.0003787426193287538,8.876766200753398e-06,-0.0003698658531280004
adversarial_mixed,9,20,,8.0,9.0,-4.102720730604333e-05,-2.566871653796065e-05,-0.0006002633145960358,4.102720730604333e-05,-0.0005592361072899925
adversarial_mixed,9,50,,8.0,9.0,-3.8892001124960916e-05,-1.8813012553749826e-05,-0.0005193451231083967,3.8892001124960916e-05,-0.00048045312198343577
adversarial_mixed,9,100,,8.0,9.0,-5.434090982349589e-05,-5.500978192425903e-06,-0.0005385769921432962,5.434090982349589e-05,-0.00048423608231980026
