alpha,beta,rho,worst_ratio,M,b0,frac,harmonic_loses
0.1,0.1,1.0,1.0000000000000002,2,2,1.0,1
0.1,0.13894954943731375,0.7196856730011522,1.0000000000000007,10,2,1.0,1
0.1,0.193069772888325,0.5179474679231212,1.0000000000000004,50,2,1.0,1
0.1,0.2682695795279726,0.372759372031494,1.0000000000000004,10,2,1.0,1
0.1,0.372759372031494,0.2682695795279726,1.0000000000000004,2,2,1.0,1
0.1,0.517947467923121,0.19306977288832508,1.0000000000000004,50,2,1.0,1
0.1,0.7196856730011519,0.13894954943731377,1.0000000000000007,2,2,1.0,1
0.1,1.0,0.1,1.0000000000000004,10,2,1.0,1
0.1,1.3894954943731375,0.07196856730011522,1.0000000000000007,50,2,1.0,1
0.1,1.9306977288832496,0.05179474679231213,1.0000000000000007,10,2,1.0,1
0.1,2.6826957952797246,0.03727593720314942,1.0000000000000007,10,2,1.0,1
0.1,3.72759372031494,0.02682695795279726,1.0000000000000004,50,2,1.0,1
0.1,5.17947467923121,0.019306977288832506,1.0000000000000004,50,2,1.0,1
0.1,7.196856730011517,0.013894954943731382,1.0000000000000004,10,2,1.0,1
0.1,10.0,0.01,1.0000000000000004,10,2,1.0,1
0.13894954943731375,0.1,1.3894954943731375,1.0045446959600504,10,2,0.5,1
0.13894954943731375,0.13894954943731375,1.0,1.0000000000000004,50,2,1.0,1
0.13894954943731375,0.193069772888325,0.719685673001152,1.0000000000000004,10,2,1.0,1
0.13894954943731375,0.2682695795279726,0.517947467923121,1.0000000000000002,10,2,1.0,1
0.13894954943731375,0.372759372031494,0.37275937203149395,1.0000000000000004,10,2,1.0,1
0.13894954943731375,0.517947467923121,0.26826957952797265,1.0000000000000007,10,2,1.0,1
0.13894954943731375,0.7196856730011519,0.19306977288832503,1.0000000000000004,10,2,1.0,1
0.13894954943731375,1.0,0.13894954943731375,1.0000000000000002,2,2,1.0,1
0.13894954943731375,1.3894954943731375,0.1,1.0000000000000002,2,2,1.0,1
0.13894954943731375,1.9306977288832496,0.07196856730011521,1.0000000000000004,2,2,1.0,1
0.13894954943731375,2.6826957952797246,0.05179474679231213,1.0000000000000004,5,2,1.0,1
0.13894954943731375,3.72759372031494,0.0372759372031494,1.0000000000000004,2,2,1.0,1
0.13894954943731375,5.17947467923121,0.02682695795279726,1.0000000000000002,2,2,1.0,1
0.13894954943731375,7.196856730011517,0.019306977288832506,1.0000000000000002,2,2,1.0,1
0.13894954943731375,10.0,0.013894954943731375,1.0000000000000002,2,2,1.0,1
0.193069772888325,0.1,1.9306977288832499,1.0134314136912201,5,2,0.55,1
0.193069772888325,0.13894954943731375,1.3894954943731377,1.0045446959600504,10,2,0.5,1
0.193069772888325,0.193069772888325,1.0,1.0000000000000004,10,2,1.0,1
0.193069772888325,0.2682695795279726,0.7196856730011519,1.0000000000000004,10,2,1.0,1
0.193069772888325,0.372759372031494,0.5179474679231211,1.0000000000000004,10,2,1.0,1
0.193069772888325,0.517947467923121,0.37275937203149406,1.0000000000000002,2,5,0.0,1
0.193069772888325,0.7196856730011519,0.2682695795279726,1.0000000000000004,10,2,1.0,1
0.193069772888325,1.0,0.193069772888325,1.0000000000000004,10,2,1.0,1
0.193069772888325,1.3894954943731375,0.13894954943731377,1.0000000000000004,10,2,1.0,1
0.193069772888325,1.9306977288832496,0.10000000000000002,1.0000000000000002,2,2,1.0,1
0.193069772888325,2.6826957952797246,0.07196856730011522,1.0000000000000004,2,2,1.0,1
0.193069772888325,3.72759372031494,0.05179474679231211,1.0000000000000007,10,2,1.0,1
0.193069772888325,5.17947467923121,0.03727593720314941,1.0000000000000004,10,2,1.0,1
0.193069772888325,7.196856730011517,0.026826957952797267,1.0000000000000007,50,2,1.0,1
0.193069772888325,10.0,0.0193069772888325,1.0000000000000004,50,2,1.0,1
0.2682695795279726,0.1,2.682695795279726,1.0720987547708838,200,5,0.75,1
0.2682695795279726,0.13894954943731375,1.9306977288832505,1.01343141369122,5,2,0.55,1
0.2682695795279726,0.193069772888325,1.389495494373138,1.0045446959600506,10,2,0.5,1
0.2682695795279726,0.2682695795279726,1.0,1.0000000000000002,2,2,1.0,1
0.2682695795279726,0.372759372031494,0.719685673001152,1.0000000000000004,2,2,1.0,1
0.2682695795279726,0.517947467923121,0.5179474679231213,1.0000000000000004,10,2,1.0,1
0.2682695795279726,0.7196856730011519,0.37275937203149406,1.0000000000000007,50,2,1.0,1
0.2682695795279726,1.0,0.2682695795279726,1.0000000000000002,2,2,1.0,1
0.2682695795279726,1.3894954943731375,0.19306977288832505,1.0000000000000007,10,2,1.0,1
0.2682695795279726,1.9306977288832496,0.1389495494373138,1.0000000000000004,50,2,1.0,1
0.2682695795279726,2.6826957952797246,0.10000000000000005,1.0000000000000004,50,2,1.0,1
0.2682695795279726,3.72759372031494,0.07196856730011521,1.0000000000000004,10,2,1.0,1
0.2682695795279726,5.17947467923121,0.05179474679231213,1.0000000000000007,10,2,1.0,1
0.2682695795279726,7.196856730011517,0.037275937203149416,1.0000000000000007,10,2,1.0,1
0.2682695795279726,10.0,0.02682695795279726,1.0000000000000004,10,2,1.0,1
0.372759372031494,0.1,3.72759372031494,1.188588970206148,200,5,0.7000000000000001,1
0.372759372031494,0.13894954943731375,2.682695795279726,1.0720987547708836,200,5,0.75,1
0.372759372031494,0.193069772888325,1.9306977288832503,1.01343141369122,5,2,0.55,1
0.372759372031494,0.2682695795279726,1.3894954943731375,1.0045446959600506,10,2,0.5,1
0.372759372031494,0.372759372031494,1.0,1.0000000000000007,50,2,1.0,1
0.372759372031494,0.517947467923121,0.7196856730011522,1.0000000000000004,10,2,1.0,1
0.372759372031494,0.7196856730011519,0.5179474679231212,1.0000000000000007,10,2,1.0,1
0.372759372031494,1.0,0.372759372031494,1.0000000000000004,10,2,1.0,1
0.372759372031494,1.3894954943731375,0.2682695795279726,1.0000000000000004,10,2,1.0,1
0.372759372031494,1.9306977288832496,0.19306977288832505,1.0000000000000004,10,2,1.0,1
0.372759372031494,2.6826957952797246,0.13894954943731383,1.0000000000000004,10,2,1.0,1
0.372759372031494,3.72759372031494,0.1,1.0000000000000004,10,2,1.0,1
0.372759372031494,5.17947467923121,0.07196856730011522,1.0000000000000004,2,2,1.0,1
0.372759372031494,7.196856730011517,0.05179474679231213,1.0000000000000002,2,5,0.0,1
0.372759372031494,10.0,0.0372759372031494,1.0000000000000004,10,2,1.0,1
0.517947467923121,0.1,5.179474679231209,1.3291236684690564,200,5,0.7000000000000001,1
0.517947467923121,0.13894954943731375,3.7275937203149394,1.1885889702061478,200,5,0.7000000000000001,1
0.517947467923121,0.193069772888325,2.682695795279725,1.0720987547708836,200,5,0.75,1
0.517947467923121,0.2682695795279726,1.9306977288832494,1.0134314136912195,5,2,0.55,1
0.517947467923121,0.372759372031494,1.3894954943731372,1.0045446959600504,10,2,0.5,1
0.517947467923121,0.517947467923121,1.0,1.0000000000000002,2,2,1.0,1
0.517947467923121,0.7196856730011519,0.7196856730011519,1.0000000000000004,10,2,1.0,1
0.517947467923121,1.0,0.517947467923121,1.0000000000000007,50,2,1.0,1
0.517947467923121,1.3894954943731375,0.37275937203149395,1.0000000000000007,10,2,1.0,1
0.517947467923121,1.9306977288832496,0.2682695795279726,1.0000000000000004,10,2,1.0,1
0.517947467923121,2.6826957952797246,0.19306977288832505,1.0000000000000004,50,2,1.0,1
0.517947467923121,3.72759372031494,0.13894954943731375,1.0000000000000007,50,2,1.0,1
0.517947467923121,5.17947467923121,0.09999999999999999,1.0000000000000004,10,2,1.0,1
0.517947467923121,7.196856730011517,0.07196856730011521,1.0000000000000004,50,2,1.0,1
0.517947467923121,10.0,0.051794746792312094,1.0000000000000004,10,2,1.0,1
0.7196856730011519,0.1,7.196856730011519,1.4911492336515344,200,5,0.75,1
0.7196856730011519,0.13894954943731375,5.179474679231212,1.3291236684690566,200,5,0.7000000000000001,1
0.7196856730011519,0.193069772888325,3.7275937203149403,1.1885889702061483,200,5,0.7000000000000001,1
0.7196856730011519,0.2682695795279726,2.6826957952797255,1.0720987547708833,200,5,0.75,1
0.7196856730011519,0.372759372031494,1.93069772888325,1.0134314136912197,5,2,0.55,1
0.7196856730011519,0.517947467923121,1.389495494373138,1.0045446959600506,10,2,0.5,1
0.7196856730011519,0.7196856730011519,1.0,1.0000000000000004,50,2,1.0,1
0.7196856730011519,1.0,0.7196856730011519,1.0000000000000002,2,2,1.0,1
0.7196856730011519,1.3894954943731375,0.5179474679231211,1.0000000000000004,50,2,1.0,1
0.7196856730011519,1.9306977288832496,0.37275937203149406,1.0000000000000004,10,2,1.0,1
0.7196856730011519,2.6826957952797246,0.26826957952797265,1.0000000000000007,10,2,1.0,1
0.7196856730011519,3.72759372031494,0.193069772888325,1.0000000000000007,2,2,1.0,1
0.7196856730011519,5.17947467923121,0.13894954943731377,1.0000000000000004,10,2,1.0,1
0.7196856730011519,7.196856730011517,0.10000000000000003,1.0000000000000004,2,2,1.0,1
0.7196856730011519,10.0,0.0719685673001152,1.0000000000000002,2,2,1.0,1
1.0,0.1,10.0,1.7911525823051644,200,20,0.9,1
1.0,0.13894954943731375,7.196856730011521,1.4911492336515342,200,5,0.75,1
1.0,0.193069772888325,5.179474679231212,1.3291236684690564,200,5,0.7000000000000001,1
1.0,0.2682695795279726,3.72759372031494,1.1885889702061476,200,5,0.7000000000000001,1
1.0,0.372759372031494,2.682695795279726,1.0720987547708833,200,5,0.75,1
1.0,0.517947467923121,1.9306977288832508,1.01343141369122,5,2,0.55,1
1.0,0.7196856730011519,1.3894954943731377,1.0045446959600506,10,2,0.5,1
1.0,1.0,1.0,1.0000000000000002,2,2,1.0,1
1.0,1.3894954943731375,0.7196856730011522,1.0000000000000007,10,2,1.0,1
1.0,1.9306977288832496,0.5179474679231213,1.0000000000000002,2,2,1.0,1
1.0,2.6826957952797246,0.3727593720314942,1.0000000000000007,10,2,1.0,1
1.0,3.72759372031494,0.2682695795279726,1.0000000000000007,50,2,1.0,1
1.0,5.17947467923121,0.19306977288832505,1.0000000000000004,2,2,1.0,1
1.0,7.196856730011517,0.13894954943731383,1.0000000000000007,50,2,1.0,1
1.0,10.0,0.1,1.0000000000000004,50,2,1.0,1
1.3894954943731375,0.1,13.894954943731374,2.254577419229835,200,20,0.9,1
1.3894954943731375,0.13894954943731375,10.0,1.7911525823051644,200,20,0.9,1
1.3894954943731375,0.193069772888325,7.19685673001152,1.4911492336515346,200,5,0.75,1
1.3894954943731375,0.2682695795279726,5.17947467923121,1.3291236684690564,200,5,0.7000000000000001,1
1.3894954943731375,0.372759372031494,3.72759372031494,1.1885889702061476,200,5,0.7000000000000001,1
1.3894954943731375,0.517947467923121,2.6826957952797263,1.0720987547708838,200,5,0.75,1
1.3894954943731375,0.7196856730011519,1.93069772888325,1.0134314136912197,5,2,0.55,1
1.3894954943731375,1.0,1.3894954943731375,1.0045446959600504,10,2,0.5,1
1.3894954943731375,1.3894954943731375,1.0,1.0000000000000004,50,2,1.0,1
1.3894954943731375,1.9306977288832496,0.7196856730011522,1.0000000000000007,10,2,1.0,1
1.3894954943731375,2.6826957952797246,0.5179474679231213,1.0000000000000007,10,2,1.0,1
1.3894954943731375,3.72759372031494,0.372759372031494,1.0000000000000004,10,2,1.0,1
1.3894954943731375,5.17947467923121,0.2682695795279726,1.0000000000000004,2,2,1.0,1
1.3894954943731375,7.196856730011517,0.19306977288832508,1.0000000000000004,10,2,1.0,1
1.3894954943731375,10.0,0.13894954943731375,1.0000000000000004,2,2,1.0,1
1.9306977288832496,0.1,19.306977288832496,2.8461954721834917,200,20,0.9,1
1.9306977288832496,0.13894954943731375,13.894954943731374,2.2545774192298347,200,20,0.9,1
1.9306977288832496,0.193069772888325,9.999999999999998,1.791152582305164,200,20,0.9,1
1.9306977288832496,0.2682695795279726,7.196856730011518,1.491149233651534,200,5,0.75,1
1.9306977288832496,0.372759372031494,5.17947467923121,1.3291236684690564,200,5,0.7000000000000001,1
1.9306977288832496,0.517947467923121,3.7275937203149403,1.188588970206148,200,5,0.7000000000000001,1
1.9306977288832496,0.7196856730011519,2.6826957952797255,1.0720987547708836,200,5,0.75,1
1.9306977288832496,1.0,1.9306977288832496,1.0134314136912197,5,2,0.55,1
1.9306977288832496,1.3894954943731375,1.3894954943731375,1.0045446959600506,10,2,0.5,1
1.9306977288832496,1.9306977288832496,1.0,1.0000000000000004,10,2,1.0,1
1.9306977288832496,2.6826957952797246,0.7196856730011522,1.0000000000000004,2,2,1.0,1
1.9306977288832496,3.72759372031494,0.517947467923121,1.0000000000000002,10,2,1.0,1
1.9306977288832496,5.17947467923121,0.372759372031494,1.0000000000000004,10,2,1.0,1
1.9306977288832496,7.196856730011517,0.2682695795279726,1.0000000000000004,10,2,1.0,1
1.9306977288832496,10.0,0.19306977288832497,1.0000000000000004,50,2,1.0,1
2.6826957952797246,0.1,26.826957952797244,3.581173022179435,200,20,0.9,1
2.6826957952797246,0.13894954943731375,19.306977288832496,2.846195472183492,200,20,0.9,1
2.6826957952797246,0.193069772888325,13.894954943731372,2.254577419229834,200,20,0.9,1
2.6826957952797246,0.2682695795279726,9.999999999999995,1.7911525823051637,200,20,0.9,1
2.6826957952797246,0.372759372031494,7.196856730011517,1.4911492336515342,200,5,0.75,1
2.6826957952797246,0.517947467923121,5.179474679231211,1.3291236684690564,200,5,0.7000000000000001,1
2.6826957952797246,0.7196856730011519,3.727593720314939,1.1885889702061476,200,5,0.7000000000000001,1
2.6826957952797246,1.0,2.6826957952797246,1.0720987547708836,200,5,0.75,1
2.6826957952797246,1.3894954943731375,1.9306977288832496,1.01343141369122,5,2,0.55,1
2.6826957952797246,1.9306977288832496,1.3894954943731375,1.0045446959600508,10,2,0.5,1
2.6826957952797246,2.6826957952797246,1.0,1.0000000000000004,2,2,1.0,1
2.6826957952797246,3.72759372031494,0.7196856730011517,1.0000000000000004,10,2,1.0,1
2.6826957952797246,5.17947467923121,0.517947467923121,1.0000000000000002,2,2,1.0,1
2.6826957952797246,7.196856730011517,0.372759372031494,1.0000000000000007,50,2,1.0,1
2.6826957952797246,10.0,0.2682695795279725,1.0000000000000004,2,2,1.0,1
3.72759372031494,0.1,37.2759372031494,4.4639655345568965,200,20,0.9,1
3.72759372031494,0.13894954943731375,26.826957952797258,3.5811730221794367,200,20,0.9,1
3.72759372031494,0.193069772888325,19.306977288832503,2.846195472183492,200,20,0.9,1
3.72759372031494,0.2682695795279726,13.894954943731374,2.2545774192298347,200,20,0.9,1
3.72759372031494,0.372759372031494,10.0,1.7911525823051646,200,20,0.9,1
3.72759372031494,0.517947467923121,7.196856730011522,1.4911492336515344,200,5,0.75,1
3.72759372031494,0.7196856730011519,5.179474679231212,1.3291236684690566,200,5,0.7000000000000001,1
3.72759372031494,1.0,3.72759372031494,1.1885889702061478,200,5,0.7000000000000001,1
3.72759372031494,1.3894954943731375,2.682695795279726,1.0720987547708838,200,5,0.75,1
3.72759372031494,1.9306977288832496,1.9306977288832505,1.0134314136912197,5,2,0.55,1
3.72759372031494,2.6826957952797246,1.3894954943731381,1.004544695960051,10,2,0.5,1
3.72759372031494,3.72759372031494,1.0,1.0000000000000002,2,2,1.0,1
3.72759372031494,5.17947467923121,0.7196856730011522,1.0000000000000004,10,2,1.0,1
3.72759372031494,7.196856730011517,0.5179474679231213,1.0000000000000004,50,2,1.0,1
3.72759372031494,10.0,0.372759372031494,1.0000000000000004,50,2,1.0,1
5.17947467923121,0.1,51.7947467923121,5.482340971958569,200,20,0.9,1
5.17947467923121,0.13894954943731375,37.2759372031494,4.4639655345568965,200,20,0.9,1
5.17947467923121,0.193069772888325,26.826957952797255,3.5811730221794353,200,20,0.9,1
5.17947467923121,0.2682695795279726,19.306977288832496,2.8461954721834917,200,20,0.9,1
5.17947467923121,0.372759372031494,13.894954943731372,2.254577419229834,200,20,0.9,1
5.17947467923121,0.517947467923121,10.0,1.7911525823051648,200,20,0.9,1
5.17947467923121,0.7196856730011519,7.196856730011519,1.4911492336515344,200,5,0.75,1
5.17947467923121,1.0,5.17947467923121,1.3291236684690564,200,5,0.7000000000000001,1
5.17947467923121,1.3894954943731375,3.72759372031494,1.1885889702061476,200,5,0.7000000000000001,1
5.17947467923121,1.9306977288832496,2.682695795279726,1.0720987547708836,200,5,0.75,1
5.17947467923121,2.6826957952797246,1.9306977288832505,1.01343141369122,5,2,0.55,1
5.17947467923121,3.72759372031494,1.3894954943731375,1.0045446959600506,10,2,0.5,1
5.17947467923121,5.17947467923121,1.0,1.0000000000000002,2,2,1.0,1
5.17947467923121,7.196856730011517,0.7196856730011522,1.0000000000000004,50,2,1.0,1
5.17947467923121,10.0,0.517947467923121,1.0000000000000002,2,5,0.0,1
7.196856730011517,0.1,71.96856730011517,6.603818019976587,200,20,0.9,1
7.196856730011517,0.13894954943731375,51.7947467923121,5.48234097195857,200,20,0.9,1
7.196856730011517,0.193069772888325,37.27593720314939,4.463965534556896,200,20,0.9,1
7.196856730011517,0.2682695795279726,26.826957952797244,3.581173022179435,200,20,0.9,1
7.196856730011517,0.372759372031494,19.306977288832496,2.8461954721834917,200,20,0.9,1
7.196856730011517,0.517947467923121,13.894954943731374,2.254577419229835,200,20,0.9,1
7.196856730011517,0.7196856730011519,9.999999999999996,1.7911525823051644,200,20,0.9,1
7.196856730011517,1.0,7.196856730011517,1.4911492336515342,200,5,0.75,1
7.196856730011517,1.3894954943731375,5.17947467923121,1.3291236684690564,200,5,0.7000000000000001,1
7.196856730011517,1.9306977288832496,3.72759372031494,1.1885889702061478,200,5,0.7000000000000001,1
7.196856730011517,2.6826957952797246,2.682695795279726,1.0720987547708836,200,5,0.75,1
7.196856730011517,3.72759372031494,1.9306977288832496,1.0134314136912197,5,2,0.55,1
7.196856730011517,5.17947467923121,1.3894954943731375,1.0045446959600506,10,2,0.5,1
7.196856730011517,7.196856730011517,1.0,1.0000000000000007,50,2,1.0,1
7.196856730011517,10.0,0.7196856730011517,1.0000000000000004,2,2,1.0,1
10.0,0.1,100.0,7.777405851307658,200,20,0.9,1
10.0,0.13894954943731375,71.96856730011521,6.603818019976589,200,20,0.9,1
10.0,0.193069772888325,51.79474679231212,5.482340971958571,200,20,0.9,1
10.0,0.2682695795279726,37.2759372031494,4.463965534556896,200,20,0.9,1
10.0,0.372759372031494,26.826957952797258,3.5811730221794367,200,20,0.9,1
10.0,0.517947467923121,19.306977288832506,2.8461954721834934,200,20,0.9,1
10.0,0.7196856730011519,13.894954943731378,2.2545774192298347,200,20,0.9,1
10.0,1.0,10.0,1.791152582305165,200,20,0.9,1
10.0,1.3894954943731375,7.196856730011521,1.4911492336515344,200,5,0.75,1
10.0,1.9306977288832496,5.1794746792312125,1.329123668469057,200,5,0.7000000000000001,1
10.0,2.6826957952797246,3.7275937203149416,1.1885889702061483,200,5,0.7000000000000001,1
10.0,3.72759372031494,2.682695795279726,1.072098754770884,200,5,0.75,1
10.0,5.17947467923121,1.9306977288832508,1.01343141369122,5,2,0.55,1
10.0,7.196856730011517,1.3894954943731381,1.0045446959600506,10,2,0.5,1
10.0,10.0,1.0,1.0000000000000004,10,2,1.0,1
